/*
Navicat MySQL Data Transfer

Source Server         : 127.0.0.1_3306
Source Server Version : 50624
Source Host           : 127.0.0.1:3306
Source Database       : test

Target Server Type    : MYSQL
Target Server Version : 50624
File Encoding         : 65001

Date: 2017-08-14 08:18:29
*/

SET FOREIGN_KEY_CHECKS=0;

-- ----------------------------
-- Table structure for accesscontrol
-- ----------------------------
DROP TABLE IF EXISTS `accesscontrol`;
CREATE TABLE `accesscontrol` (
  `id` varchar(64) NOT NULL,
  `product_id` varchar(64) NOT NULL COMMENT '密品id',
  `sysEquipment_id` varchar(64) NOT NULL COMMENT '监控设备id',
  `access_time` varchar(64) NOT NULL COMMENT '记录时间',
  PRIMARY KEY (`id`)
) ENGINE=InnoDB DEFAULT CHARSET=utf8 COMMENT='出入记录';

-- ----------------------------
-- Records of accesscontrol
-- ----------------------------
INSERT INTO `accesscontrol` VALUES ('03c8be40-e313-4a1c-9f8e-d8859ecd225b', '339142663452229633', '339138909730504704', '2017-07-24 22:18:55');
INSERT INTO `accesscontrol` VALUES ('07d77d34-ab99-4620-9034-6e5d6e9025c0', '339142663452229633', '339138909730504704', '2017-07-24 22:18:28');
INSERT INTO `accesscontrol` VALUES ('0a8172b4-fd17-467d-92e3-950a0a3cbcae', '339142663452229633', '339138909730504704', '2017-07-24 22:17:32');
INSERT INTO `accesscontrol` VALUES ('463a0f38-9e8f-433b-ab5a-18b516556bc0', '339142663452229633', '339138909730504704', '2017-07-24 22:18:34');
INSERT INTO `accesscontrol` VALUES ('4b0a485e-68b5-4051-8053-21fef9dcacc7', '339142663452229633', '339138909730504704', '2017-07-24 22:18:47');
INSERT INTO `accesscontrol` VALUES ('63c0f8b7-3793-4dec-a7e6-d366704d165b', '339142663452229633', '339138909730504704', '2017-07-24 22:18:22');
INSERT INTO `accesscontrol` VALUES ('6ddaca1d-e86f-44e2-8f13-c380345c4702', '339142663452229633', '339138909730504704', '2017-07-24 22:19:00');
INSERT INTO `accesscontrol` VALUES ('ad736ee7-7d94-4b37-8b89-1d07e92edb44', '339142663452229633', '339138909730504704', '2017-07-24 22:18:52');
INSERT INTO `accesscontrol` VALUES ('af57094d-49f1-4307-bce7-03e0126a49cb', '339142663452229633', '339138909730504704', '2017-07-24 22:18:25');
INSERT INTO `accesscontrol` VALUES ('bd4aef83-c71b-477a-84f5-3d53846c103f', '339142663452229633', '339138909730504704', '2017-07-24 22:18:42');
INSERT INTO `accesscontrol` VALUES ('cb03372f-74d1-4cd8-86ac-26f0633b6e48', '339142663452229633', '339138909730504704', '2017-07-24 22:18:45');
INSERT INTO `accesscontrol` VALUES ('cbb8f0fd-2379-49ff-b04a-920318f0ea21', '339142663452229633', '339138909730504704', '2017-07-24 22:18:37');
INSERT INTO `accesscontrol` VALUES ('cca72353-bffa-479f-8b93-39524db8d2f7', '339142663452229633', '', '2017-07-24 22:16:04');
INSERT INTO `accesscontrol` VALUES ('dd51b8d8-9c19-4089-95ef-e43e5492d118', '339142663452229633', '339138909730504704', '2017-07-24 22:18:57');
INSERT INTO `accesscontrol` VALUES ('e735fc1f-ef10-4470-8d44-d5a5b1267da2', '339142663452229633', '339138909730504704', '2017-07-24 22:18:39');
INSERT INTO `accesscontrol` VALUES ('f03dfb8d-d90b-4c63-83f4-3955e6b2526a', '339142663452229633', '339138909730504704', '2017-07-24 22:18:50');
INSERT INTO `accesscontrol` VALUES ('f9e62a86-7f3f-4a3c-95b8-b3896a21835b', '339142663452229633', '339138909730504704', '2017-07-24 22:17:23');

-- ----------------------------
-- Table structure for alarmrecord
-- ----------------------------
DROP TABLE IF EXISTS `alarmrecord`;
CREATE TABLE `alarmrecord` (
  `id` varchar(64) NOT NULL,
  `sysEquipment_id` varchar(64) NOT NULL COMMENT '监控设备id',
  `product_id` varchar(64) DEFAULT NULL COMMENT '密品id',
  `sysUser_id` varchar(64) DEFAULT NULL COMMENT '用户id',
  `alarm_time` varchar(64) NOT NULL COMMENT '报警时间',
  `alarm_type` varchar(64) NOT NULL COMMENT '报警类别',
  `solve_time` varchar(64) DEFAULT NULL COMMENT '解决时间',
  `info` varchar(100) DEFAULT NULL COMMENT '备注',
  PRIMARY KEY (`id`)
) ENGINE=InnoDB DEFAULT CHARSET=utf8 COMMENT='报警记录';

-- ----------------------------
-- Records of alarmrecord
-- ----------------------------

-- ----------------------------
-- Table structure for application
-- ----------------------------
DROP TABLE IF EXISTS `application`;
CREATE TABLE `application` (
  `id` varchar(64) NOT NULL,
  `name` varchar(64) NOT NULL COMMENT '系统名称',
  `info` varchar(64) DEFAULT NULL COMMENT '备注',
  `create_time` varchar(64) DEFAULT NULL,
  `update_time` varchar(64) DEFAULT NULL,
  `status` varchar(64) DEFAULT NULL,
  PRIMARY KEY (`id`)
) ENGINE=InnoDB DEFAULT CHARSET=utf8 COMMENT='应用系统';

-- ----------------------------
-- Records of application
-- ----------------------------
INSERT INTO `application` VALUES ('339133595857715200', '安保系统', '安全保障系统', '2017-07-24 19:55:50', '2017-07-24 19:55:50', '1');
INSERT INTO `application` VALUES ('339138506280402944', '保密系统', '安全保密系统\n', '2017-07-24 20:15:20', '2017-07-24 20:15:20', '1');
INSERT INTO `application` VALUES ('339138633753690112', '反恐系统', '反恐专用', '2017-07-24 20:15:51', '2017-07-24 20:15:51', '1');

-- ----------------------------
-- Table structure for authority
-- ----------------------------
DROP TABLE IF EXISTS `authority`;
CREATE TABLE `authority` (
  `id` varchar(64) NOT NULL,
  `role_id` varchar(64) NOT NULL COMMENT '角色id',
  `menu_id` varchar(64) NOT NULL COMMENT '功能模块id',
  PRIMARY KEY (`id`)
) ENGINE=InnoDB DEFAULT CHARSET=utf8 COMMENT='权限';

-- ----------------------------
-- Records of authority
-- ----------------------------
INSERT INTO `authority` VALUES ('1', '1', '1');
INSERT INTO `authority` VALUES ('10', '1', '10');
INSERT INTO `authority` VALUES ('11', '1', '11');
INSERT INTO `authority` VALUES ('12', '1', '12');
INSERT INTO `authority` VALUES ('13', '1', '13');
INSERT INTO `authority` VALUES ('14', '1', '14');
INSERT INTO `authority` VALUES ('15', '1', '15');
INSERT INTO `authority` VALUES ('16', '1', '16');
INSERT INTO `authority` VALUES ('17', '1', '17');
INSERT INTO `authority` VALUES ('18', '1', '18');
INSERT INTO `authority` VALUES ('19', '1', '19');
INSERT INTO `authority` VALUES ('2', '1', '2');
INSERT INTO `authority` VALUES ('20', '1', '20');
INSERT INTO `authority` VALUES ('3', '1', '3');
INSERT INTO `authority` VALUES ('4', '1', '4');
INSERT INTO `authority` VALUES ('5', '1', '5');
INSERT INTO `authority` VALUES ('6', '1', '6');
INSERT INTO `authority` VALUES ('7', '1', '7');
INSERT INTO `authority` VALUES ('8', '1', '8');
INSERT INTO `authority` VALUES ('9', '1', '9');

-- ----------------------------
-- Table structure for boxinfo
-- ----------------------------
DROP TABLE IF EXISTS `boxinfo`;
CREATE TABLE `boxinfo` (
  `id` varchar(64) NOT NULL,
  `box_rfid_code` varchar(64) NOT NULL COMMENT '包装箱rfid',
  `product_id` varchar(64) NOT NULL COMMENT '密品id',
  `create_time` varchar(64) DEFAULT NULL,
  `update_time` varchar(64) DEFAULT NULL,
  `status` varchar(64) DEFAULT NULL,
  PRIMARY KEY (`id`)
) ENGINE=InnoDB DEFAULT CHARSET=utf8 COMMENT='包装信息';

-- ----------------------------
-- Records of boxinfo
-- ----------------------------

-- ----------------------------
-- Table structure for capuserecord
-- ----------------------------
DROP TABLE IF EXISTS `capuserecord`;
CREATE TABLE `capuserecord` (
  `id` varchar(64) NOT NULL,
  `sysEquipment_id` varchar(64) DEFAULT NULL COMMENT '监控设备id',
  `sysUser_id` varchar(64) DEFAULT NULL COMMENT '用户id',
  `time_start` varchar(64) DEFAULT NULL COMMENT '开柜时间',
  `time_end` varchar(64) DEFAULT NULL COMMENT '关柜时间',
  PRIMARY KEY (`id`)
) ENGINE=InnoDB DEFAULT CHARSET=utf8 COMMENT='开柜记录';

-- ----------------------------
-- Records of capuserecord
-- ----------------------------
INSERT INTO `capuserecord` VALUES ('339155272180170752', '339153012247232512', '1c7e1de21f554a06a3', '2017-07-24 21:22:10', null);
INSERT INTO `capuserecord` VALUES ('339155273442656256', '339153012247232512', 'e2f3089254664f5f89', '2017-07-20 20:54:00', null);
INSERT INTO `capuserecord` VALUES ('339155273841115136', '339153012247232512', 'e2f3089254664f5f89', '2017-07-21 20:23:46', null);
INSERT INTO `capuserecord` VALUES ('339155274487037952', '339153012247232512', '1c7e1de21f554a06a3', '2017-07-24 14:07:38', null);
INSERT INTO `capuserecord` VALUES ('339155275518836736', '339153012247232512', '1c7e1de21f554a06a3', '2017-07-24 14:10:42', null);
INSERT INTO `capuserecord` VALUES ('339155276244451328', '339153012247232512', '1c7e1de21f554a06a3', '2017-07-24 14:23:17', null);
INSERT INTO `capuserecord` VALUES ('339155276907151360', '339153012247232512', '1c7e1de21f554a06a3', '2017-07-24 14:25:27', null);
INSERT INTO `capuserecord` VALUES ('339155277272055808', '339153012247232512', '1c7e1de21f554a06a3', '2017-07-24 14:26:15', null);
INSERT INTO `capuserecord` VALUES ('339155277595017216', '339153012247232512', '1c7e1de21f554a06a3', '2017-07-24 14:27:19', null);
INSERT INTO `capuserecord` VALUES ('339155278370963456', '339153012247232512', '1c7e1de21f554a06a3', '2017-07-24 14:27:36', null);
INSERT INTO `capuserecord` VALUES ('339155278719090688', '339153012247232512', '1c7e1de21f554a06a3', '2017-07-24 14:30:16', null);
INSERT INTO `capuserecord` VALUES ('339155279222407168', '339153012247232512', '1c7e1de21f554a06a3', '2017-07-24 14:30:44', null);
INSERT INTO `capuserecord` VALUES ('339155279822192640', '339153012247232512', '1c7e1de21f554a06a3', '2017-07-24 14:33:31', null);
INSERT INTO `capuserecord` VALUES ('339155280375840768', '339153012247232512', '1c7e1de21f554a06a3', '2017-07-24 14:35:05', null);
INSERT INTO `capuserecord` VALUES ('339155280908517376', '339153012247232512', '1c7e1de21f554a06a3', '2017-07-24 14:36:11', null);
INSERT INTO `capuserecord` VALUES ('339155281399250944', '339153012247232512', '1c7e1de21f554a06a3', '2017-07-24 14:36:26', null);
INSERT INTO `capuserecord` VALUES ('339155281948704768', '339153012247232512', '1c7e1de21f554a06a3', '2017-07-24 16:43:18', null);
INSERT INTO `capuserecord` VALUES ('339155282716262400', '339153012247232512', '1c7e1de21f554a06a3', '2017-07-24 17:16:22', null);
INSERT INTO `capuserecord` VALUES ('339155283425099776', '339153012247232512', '1c7e1de21f554a06a3', '2017-07-24 17:16:51', null);
INSERT INTO `capuserecord` VALUES ('339155283961970688', '339153012247232512', '1c7e1de21f554a06a3', '2017-07-24 17:19:06', null);
INSERT INTO `capuserecord` VALUES ('339155284574339072', '339153012247232512', '1c7e1de21f554a06a3', '2017-07-24 19:55:22', null);
INSERT INTO `capuserecord` VALUES ('339155285471920128', '339153012247232512', '1c7e1de21f554a06a3', '2017-07-24 20:46:49', null);
INSERT INTO `capuserecord` VALUES ('341532297360572416', '339153012247232512', 'e2f3089254664f5f89', '2017-07-26 17:05:56', null);
INSERT INTO `capuserecord` VALUES ('341532564227358720', '339153012247232512', 'e2f3089254664f5f89', '2017-07-26 17:05:56', null);
INSERT INTO `capuserecord` VALUES ('341532694515023872', '339153012247232512', 'e2f3089254664f5f89', '2017-07-26 17:05:56', null);
INSERT INTO `capuserecord` VALUES ('341533212696117248', '339153012247232512', 'e2f3089254664f5f89', '2017-07-26 17:05:56', null);
INSERT INTO `capuserecord` VALUES ('341533933508231168', '339153012247232512', 'e2f3089254664f5f89', '2017-07-26 17:05:56', null);
INSERT INTO `capuserecord` VALUES ('341534100487667712', '339153012247232512', 'e2f3089254664f5f89', '2017-07-26 17:05:56', null);
INSERT INTO `capuserecord` VALUES ('341534287293579264', '339153012247232512', 'e2f3089254664f5f89', '2017-07-26 17:05:56', null);
INSERT INTO `capuserecord` VALUES ('341534326455795712', '339153012247232512', 'e2f3089254664f5f89', '2017-07-26 17:05:56', null);
INSERT INTO `capuserecord` VALUES ('341536258012479488', '339153012247232512', 'e2f3089254664f5f89', '2017-07-26 17:05:56', null);
INSERT INTO `capuserecord` VALUES ('341536572690137088', '339153012247232512', 'e2f3089254664f5f89', '2017-07-26 17:05:56', null);
INSERT INTO `capuserecord` VALUES ('341536742337150976', '339153012247232512', 'e2f3089254664f5f89', '2017-07-26 17:05:56', null);
INSERT INTO `capuserecord` VALUES ('341537212959031296', '339153012247232512', 'e2f3089254664f5f89', '2017-07-26 17:05:56', null);
INSERT INTO `capuserecord` VALUES ('341537493125955584', '339153012247232512', 'e2f3089254664f5f89', '2017-07-26 17:05:56', null);
INSERT INTO `capuserecord` VALUES ('341537553205166080', '339153012247232512', 'e2f3089254664f5f89', '2017-07-26 17:05:56', null);
INSERT INTO `capuserecord` VALUES ('341537582175223808', '339153012247232512', 'e2f3089254664f5f89', '2017-07-26 17:05:56', null);
INSERT INTO `capuserecord` VALUES ('341537738832478208', '339153012247232512', 'e2f3089254664f5f89', '2017-07-26 17:05:56', null);
INSERT INTO `capuserecord` VALUES ('341537775230648320', '339153012247232512', 'e2f3089254664f5f89', '2017-07-26 17:05:56', null);
INSERT INTO `capuserecord` VALUES ('341537807228993536', '339153012247232512', 'e2f3089254664f5f89', '2017-07-26 17:05:56', null);
INSERT INTO `capuserecord` VALUES ('341537960811823104', '339153012247232512', 'e2f3089254664f5f89', '2017-07-26 17:05:56', null);
INSERT INTO `capuserecord` VALUES ('341538093502824448', '339153012247232512', 'e2f3089254664f5f89', '2017-07-26 17:05:56', null);
INSERT INTO `capuserecord` VALUES ('341538354594054144', '339153012247232512', 'e2f3089254664f5f89', '2017-07-26 17:05:56', null);
INSERT INTO `capuserecord` VALUES ('341538476858015744', '339153012247232512', 'e2f3089254664f5f89', '2017-07-26 17:05:56', null);
INSERT INTO `capuserecord` VALUES ('341538559649382400', '339153012247232512', 'e2f3089254664f5f89', '2017-07-26 17:05:56', null);
INSERT INTO `capuserecord` VALUES ('341539476020920320', '339153012247232512', 'e2f3089254664f5f89', '2017-07-26 17:05:56', null);
INSERT INTO `capuserecord` VALUES ('341539920277405696', '339153012247232512', 'e2f3089254664f5f89', '2017-07-26 17:05:56', null);
INSERT INTO `capuserecord` VALUES ('341541030002163712', '339153012247232512', 'e2f3089254664f5f89', '2017-07-26 17:05:56', null);
INSERT INTO `capuserecord` VALUES ('341541125158338560', '339153012247232512', 'e2f3089254664f5f89', '2017-07-26 17:05:56', null);
INSERT INTO `capuserecord` VALUES ('341541251226533888', '339153012247232512', 'e2f3089254664f5f89', '2017-07-26 17:05:56', null);
INSERT INTO `capuserecord` VALUES ('341541644069240832', '339153012247232512', 'e2f3089254664f5f89', '2017-07-26 17:05:56', null);
INSERT INTO `capuserecord` VALUES ('341541774168162304', '339153012247232512', 'e2f3089254664f5f89', '2017-07-26 17:05:56', null);
INSERT INTO `capuserecord` VALUES ('341541861627789312', '339153012247232512', 'e2f3089254664f5f89', '2017-07-26 17:05:56', null);
INSERT INTO `capuserecord` VALUES ('341542027135025152', '339153012247232512', 'e2f3089254664f5f89', '2017-07-26 17:05:56', null);
INSERT INTO `capuserecord` VALUES ('341542112556220416', '339153012247232512', 'e2f3089254664f5f89', '2017-07-26 17:05:56', null);
INSERT INTO `capuserecord` VALUES ('341542317456359424', '339153012247232512', 'e2f3089254664f5f89', '2017-07-26 17:05:56', null);
INSERT INTO `capuserecord` VALUES ('341542449518215168', '339153012247232512', 'e2f3089254664f5f89', '2017-07-26 17:05:56', null);
INSERT INTO `capuserecord` VALUES ('341542842071515136', '339153012247232512', 'e2f3089254664f5f89', '2017-07-26 17:05:56', null);
INSERT INTO `capuserecord` VALUES ('341543702088384512', '339153012247232512', 'e2f3089254664f5f89', '2017-07-26 17:05:56', null);
INSERT INTO `capuserecord` VALUES ('341544633932709888', '339153012247232512', 'e2f3089254664f5f89', '2017-07-26 17:05:56', null);
INSERT INTO `capuserecord` VALUES ('341617178920878080', '339138794953375744', '8936a021dfee43bc8f', '2017-07-27 15:45:50', null);
INSERT INTO `capuserecord` VALUES ('341617180300804096', '339138794953375744', '8936a021dfee43bc8f', '2017-07-27 15:46:11', null);
INSERT INTO `capuserecord` VALUES ('341617181110304768', '339138794953375744', '1c7e1de21f554a06a3', '2017-07-27 16:33:38', null);
INSERT INTO `capuserecord` VALUES ('341617182746083328', '339138794953375744', '1c7e1de21f554a06a3', '2017-07-27 16:34:20', null);
INSERT INTO `capuserecord` VALUES ('341617184335724544', '339138794953375744', '1c7e1de21f554a06a3', '2017-07-27 16:34:54', null);
INSERT INTO `capuserecord` VALUES ('341617185132642304', '339138794953375744', '1c7e1de21f554a06a3', '2017-07-27 16:51:14', null);
INSERT INTO `capuserecord` VALUES ('341617185854062592', '339138794953375744', '1c7e1de21f554a06a3', '2017-07-27 16:53:22', null);
INSERT INTO `capuserecord` VALUES ('341617186529345536', '339138794953375744', '8936a021dfee43bc8f', '2017-07-28 10:18:03', null);
INSERT INTO `capuserecord` VALUES ('341617187414343680', '339138794953375744', '8936a021dfee43bc8f', '2017-07-28 14:13:13', null);
INSERT INTO `capuserecord` VALUES ('341617188416782336', '339138794953375744', '1c7e1de21f554a06a3', '2017-07-28 17:27:54', null);
INSERT INTO `capuserecord` VALUES ('341617189285003264', '339138794953375744', '1c7e1de21f554a06a3', '2017-07-31 11:16:45', null);
INSERT INTO `capuserecord` VALUES ('341617189993840640', '339138794953375744', '1c7e1de21f554a06a3', '2017-07-31 15:44:50', null);
INSERT INTO `capuserecord` VALUES ('341617190836895744', '339138794953375744', '1c7e1de21f554a06a3', '2017-07-31 16:22:35', null);
INSERT INTO `capuserecord` VALUES ('341617192749498368', '339138794953375744', '1c7e1de21f554a06a3', '2017-07-31 16:23:14', null);
INSERT INTO `capuserecord` VALUES ('341617193445752832', '339138794953375744', '8936a021dfee43bc8f', '2017-07-31 16:27:12', null);
INSERT INTO `capuserecord` VALUES ('341617194272030720', '339138794953375744', '8936a021dfee43bc8f', '2017-07-31 16:34:35', null);
INSERT INTO `capuserecord` VALUES ('341617548350980096', '339138794953375744', '8936a021dfee43bc8f', '2017-07-31 16:36:03', null);
INSERT INTO `capuserecord` VALUES ('341617754261946368', '339138794953375744', '8936a021dfee43bc8f', '2017-07-31 16:36:52', null);
INSERT INTO `capuserecord` VALUES ('341618044134490112', '339138794953375744', '8936a021dfee43bc8f', '2017-07-31 16:38:01', null);
INSERT INTO `capuserecord` VALUES ('341618848513916928', '339138794953375744', '8936a021dfee43bc8f', '2017-07-31 16:41:13', null);
INSERT INTO `capuserecord` VALUES ('341619002025443328', '339138794953375744', '8936a021dfee43bc8f', '2017-07-31 16:41:50', null);
INSERT INTO `capuserecord` VALUES ('341619833709789184', '339138794953375744', '8936a021dfee43bc8f', '2017-07-31 16:45:08', null);
INSERT INTO `capuserecord` VALUES ('341619933936877568', '339153012247232512', 'e2f3089254664f5f89', '2017-07-26 17:05:56', null);
INSERT INTO `capuserecord` VALUES ('341619979432493056', '339153012247232512', 'e2f3089254664f5f89', '2017-07-26 17:05:56', null);
INSERT INTO `capuserecord` VALUES ('341620495315107840', '339153012247232512', 'e2f3089254664f5f89', '2017-07-26 17:05:56', null);
INSERT INTO `capuserecord` VALUES ('341621347488628736', '339153012247232512', 'e2f3089254664f5f89', '2017-07-26 17:05:56', null);
INSERT INTO `capuserecord` VALUES ('341621574224314368', '339153012247232512', 'e2f3089254664f5f89', '2017-07-26 17:05:56', null);
INSERT INTO `capuserecord` VALUES ('341622250715217920', '339153012247232512', 'e2f3089254664f5f89', '2017-07-26 17:05:56', null);
INSERT INTO `capuserecord` VALUES ('341622524636823552', '339153012247232512', 'e2f3089254664f5f89', '2017-07-26 17:05:56', null);
INSERT INTO `capuserecord` VALUES ('341622565057331200', '339153012247232512', 'e2f3089254664f5f89', '2017-07-26 17:05:56', null);
INSERT INTO `capuserecord` VALUES ('341622826467328000', '339153012247232512', 'e2f3089254664f5f89', '2017-07-26 17:05:56', null);
INSERT INTO `capuserecord` VALUES ('341622955110825984', '339153012247232512', 'e2f3089254664f5f89', '2017-07-26 17:05:56', null);
INSERT INTO `capuserecord` VALUES ('341624307983581184', '339153012247232512', 'e2f3089254664f5f89', '2017-07-26 17:05:56', null);
INSERT INTO `capuserecord` VALUES ('341624414938333184', '339153012247232512', 'e2f3089254664f5f89', '2017-07-26 17:05:56', null);
INSERT INTO `capuserecord` VALUES ('341624573264920576', '339153012247232512', 'e2f3089254664f5f89', '2017-07-26 17:05:56', null);
INSERT INTO `capuserecord` VALUES ('341625187340386304', '339153012247232512', 'e2f3089254664f5f89', '2017-07-26 17:05:56', null);
INSERT INTO `capuserecord` VALUES ('341625559375151104', '339153012247232512', 'e2f3089254664f5f89', '2017-07-26 17:05:56', null);
INSERT INTO `capuserecord` VALUES ('341625633522057216', '339153012247232512', 'e2f3089254664f5f89', '2017-07-26 17:05:56', null);
INSERT INTO `capuserecord` VALUES ('341625828599136256', '339153012247232512', 'e2f3089254664f5f89', '2017-07-26 17:05:56', null);
INSERT INTO `capuserecord` VALUES ('341626041183240192', '339153012247232512', 'e2f3089254664f5f89', '2017-07-26 17:05:56', null);
INSERT INTO `capuserecord` VALUES ('341626082903982080', '339153012247232512', 'e2f3089254664f5f89', '2017-07-26 17:05:56', null);
INSERT INTO `capuserecord` VALUES ('341626121650962432', '339153012247232512', 'e2f3089254664f5f89', '2017-07-26 17:05:56', null);
INSERT INTO `capuserecord` VALUES ('341626187816108032', '339153012247232512', 'e2f3089254664f5f89', '2017-07-26 17:05:56', null);
INSERT INTO `capuserecord` VALUES ('341626820761747456', '339153012247232512', 'e2f3089254664f5f89', '2017-07-26 17:05:56', null);
INSERT INTO `capuserecord` VALUES ('341627069358145536', '339153012247232512', 'e2f3089254664f5f89', '2017-07-26 17:05:56', null);
INSERT INTO `capuserecord` VALUES ('341627240880013312', '339153012247232512', 'e2f3089254664f5f89', '2017-07-26 17:05:56', null);
INSERT INTO `capuserecord` VALUES ('341627414738108416', '339153012247232512', '8936a021dfee43bc8f', '2017-07-26 17:05:56', null);
INSERT INTO `capuserecord` VALUES ('341627469318586368', '339153012247232512', '8936a021dfee43bc8f', '2017-07-26 17:05:56', null);
INSERT INTO `capuserecord` VALUES ('341627632682532864', '339153012247232512', '8936a021dfee43bc8f', '2017-07-26 17:05:56', null);
INSERT INTO `capuserecord` VALUES ('341627860450017280', '339153012247232512', '8936a021dfee43bc8f', '2017-07-26 17:05:56', null);
INSERT INTO `capuserecord` VALUES ('341628442355171328', '339153012247232512', '8936a021dfee43bc8f', '2017-07-26 17:05:56', null);
INSERT INTO `capuserecord` VALUES ('341628478874976256', '339153012247232512', '8936a021dfee43bc8f', '2017-07-26 17:05:56', null);
INSERT INTO `capuserecord` VALUES ('341628911269969920', '339138794953375744', '8936a021dfee43bc8f', '2017-07-31 17:21:12', null);
INSERT INTO `capuserecord` VALUES ('341629199653535744', '339153012247232512', '8936a021dfee43bc8f', '2017-07-26 17:05:56', null);
INSERT INTO `capuserecord` VALUES ('341629207882760192', '339153012247232512', '8936a021dfee43bc8f', '2017-07-26 17:05:56', null);
INSERT INTO `capuserecord` VALUES ('341629321137356800', '339153012247232512', '8936a021dfee43bc8f', '2017-07-26 17:05:56', null);
INSERT INTO `capuserecord` VALUES ('341630499652894720', '339153012247232512', '8936a021dfee43bc8f', '2017-07-26 17:05:56', null);
INSERT INTO `capuserecord` VALUES ('341630531307307008', '339153012247232512', '8936a021dfee43bc8f', '2017-07-26 17:05:56', null);
INSERT INTO `capuserecord` VALUES ('341630560776486912', '339153012247232512', '8936a021dfee43bc8f', '2017-07-26 17:05:56', null);
INSERT INTO `capuserecord` VALUES ('341630593030684672', '339153012247232512', '8936a021dfee43bc8f', '2017-07-26 17:05:56', null);
INSERT INTO `capuserecord` VALUES ('341630620117499904', '339153012247232512', '8936a021dfee43bc8f', '2017-07-26 17:05:56', null);
INSERT INTO `capuserecord` VALUES ('341631878798770176', '339138794953375744', '8936a021dfee43bc8f', '2017-07-31 17:33:00', null);
INSERT INTO `capuserecord` VALUES ('341632189147906048', '339138794953375744', '8936a021dfee43bc8f', '2017-07-31 17:34:13', null);
INSERT INTO `capuserecord` VALUES ('341632598503587840', '339153012247232512', '8936a021dfee43bc8f', '2017-07-26 17:05:56', null);
INSERT INTO `capuserecord` VALUES ('341632664027004928', '339153012247232512', '8936a021dfee43bc8f', '2017-07-26 17:05:56', null);
INSERT INTO `capuserecord` VALUES ('341633952781434880', '339138794953375744', '8936a021dfee43bc8f', '2017-07-31 17:41:14', null);
INSERT INTO `capuserecord` VALUES ('341638772502298624', '339138794953375744', '1c7e1de21f554a06a3', '2017-07-31 17:50:30', null);
INSERT INTO `capuserecord` VALUES ('341639002685702144', '339138794953375744', '1c7e1de21f554a06a3', '2017-07-31 17:51:25', null);
INSERT INTO `capuserecord` VALUES ('341639123523600384', '339138794953375744', '1c7e1de21f554a06a3', '2017-07-31 17:51:54', null);
INSERT INTO `capuserecord` VALUES ('341639268503912448', '339138794953375744', '1c7e1de21f554a06a3', '2017-07-31 17:52:28', null);
INSERT INTO `capuserecord` VALUES ('341639356080979968', '339138794953375744', '1c7e1de21f554a06a3', '2017-07-31 17:52:49', null);
INSERT INTO `capuserecord` VALUES ('341639529553199104', '339138794953375744', '1c7e1de21f554a06a3', '2017-07-31 17:53:31', null);
INSERT INTO `capuserecord` VALUES ('341639646200987648', '339138794953375744', '1c7e1de21f554a06a3', '2017-07-31 17:53:58', null);
INSERT INTO `capuserecord` VALUES ('341639977244819456', '339138794953375744', '1c7e1de21f554a06a3', '2017-07-31 17:55:17', null);
INSERT INTO `capuserecord` VALUES ('341640083440402432', '339138794953375744', '1c7e1de21f554a06a3', '2017-07-31 17:55:42', null);
INSERT INTO `capuserecord` VALUES ('341640174884618240', '339138794953375744', '1c7e1de21f554a06a3', '2017-07-31 17:56:04', null);
INSERT INTO `capuserecord` VALUES ('341640259089465344', '339138794953375744', '1c7e1de21f554a06a3', '2017-07-31 17:56:24', null);
INSERT INTO `capuserecord` VALUES ('341640346096107520', '339138794953375744', '1c7e1de21f554a06a3', '2017-07-31 17:56:45', null);
INSERT INTO `capuserecord` VALUES ('341640434923077632', '339138794953375744', '1c7e1de21f554a06a3', '2017-07-31 17:57:06', null);
INSERT INTO `capuserecord` VALUES ('341640584764588032', '339138794953375744', '1c7e1de21f554a06a3', '2017-07-31 17:57:42', null);
INSERT INTO `capuserecord` VALUES ('341640755565035520', '339138794953375744', '1c7e1de21f554a06a3', '2017-07-31 17:58:22', null);
INSERT INTO `capuserecord` VALUES ('341648338313019392', '339138794953375744', '8936a021dfee43bc8f', '2017-07-31 18:28:30', null);
INSERT INTO `capuserecord` VALUES ('341651638332686336', '339138794953375744', '8936a021dfee43bc8f', '2017-07-31 18:41:37', null);
INSERT INTO `capuserecord` VALUES ('341654239514198016', '339153012247232512', '8936a021dfee43bc8f', '2017-07-26 17:05:56', null);
INSERT INTO `capuserecord` VALUES ('341654275530686464', '339153012247232512', '8936a021dfee43bc8f', '2017-07-26 17:05:56', null);
INSERT INTO `capuserecord` VALUES ('341654446079475712', '339153012247232512', '8936a021dfee43bc8f', '2017-07-26 17:05:56', null);
INSERT INTO `capuserecord` VALUES ('346369353135947776', '339138794953375744', '8936a021dfee43bc8f', '2017-08-13 19:09:20', null);
INSERT INTO `capuserecord` VALUES ('346370512147972096', '339138794953375744', '8936a021dfee43bc8f', '2017-08-13 19:13:57', null);
INSERT INTO `capuserecord` VALUES ('346370947474784256', '339138794953375744', '8936a021dfee43bc8f', '2017-08-13 19:15:40', null);
INSERT INTO `capuserecord` VALUES ('346371270826262528', '339138794953375744', '8936a021dfee43bc8f', '2017-08-13 19:16:58', null);

-- ----------------------------
-- Table structure for checkinbill
-- ----------------------------
DROP TABLE IF EXISTS `checkinbill`;
CREATE TABLE `checkinbill` (
  `id` varchar(64) NOT NULL,
  `dictionary_id` varchar(64) NOT NULL COMMENT '入库类型id',
  `bill_code` varchar(64) DEFAULT NULL COMMENT '入库单号',
  `res_department_id` varchar(64) DEFAULT NULL COMMENT '源单位id',
  `des_department_id` varchar(64) DEFAULT NULL COMMENT '目的单位id',
  `sysUser_id` varchar(64) DEFAULT NULL COMMENT '接收人',
  `result` varchar(64) DEFAULT NULL COMMENT '入库状态',
  `info` varchar(100) DEFAULT NULL COMMENT '备注',
  `create_time` varchar(64) DEFAULT NULL,
  `update_time` varchar(64) DEFAULT NULL,
  `status` varchar(64) DEFAULT NULL,
  `location_id` varchar(64) DEFAULT NULL COMMENT '入库位置id-0712',
  PRIMARY KEY (`id`)
) ENGINE=InnoDB DEFAULT CHARSET=utf8 COMMENT='入库单';

-- ----------------------------
-- Records of checkinbill
-- ----------------------------
INSERT INTO `checkinbill` VALUES ('339141982666358784', '6', 'MPRKDJK001', 'f04c7', 'f04c7', 'e2f3089254664f5f89', '1', '公安部监视大厅设备', '2017-07-24 20:29:09', '2017-07-24 20:29:09', '1', '339132972294733824');
INSERT INTO `checkinbill` VALUES ('339142663431258112', '6', 'MPRKDJK002', 'f04c7', 'f04c7', 'e2f3089254664f5f89', '1', '备件库数据信息', '2017-07-24 20:31:51', '2017-07-24 20:31:51', '1', '339133170035195904');
INSERT INTO `checkinbill` VALUES ('339145712065314816', '10', '55567', 'f04c7', 'a770b', '1c7e1de21f554a06a3', '1', '测试数据', '2017-07-24 20:43:58', '2017-07-24 21:06:22', '1', '339133333424308224');
INSERT INTO `checkinbill` VALUES ('339145877719351296', '10', '5555', 'f04c7', 'a770b', '1c7e1de21f554a06a3', '1', '', '2017-07-24 20:44:38', '2017-07-24 21:06:21', '1', '339133333424308224');
INSERT INTO `checkinbill` VALUES ('339146156669927424', '10', '1256', 'f04c7', 'a770b', '1c7e1de21f554a06a3', '1', '', '2017-07-24 20:45:44', '2017-07-24 21:06:21', '1', '339133333424308224');
INSERT INTO `checkinbill` VALUES ('339149784835162112', '10', '3333', 'f04c7', 'a770b', '1c7e1de21f554a06a3', '1', '测试数据', '2017-07-24 21:00:09', '2017-07-24 21:04:42', '1', '339133333424308224');
INSERT INTO `checkinbill` VALUES ('339150021469405184', '10', '2223333', 'f04c7', 'a770b', '1c7e1de21f554a06a3', '1', '22222222', '2017-07-24 21:01:06', '2017-07-24 21:04:42', '1', '339133480174616576');
INSERT INTO `checkinbill` VALUES ('339150155552915456', '10', '1234', 'f04c7', 'a770b', '1c7e1de21f554a06a3', '1', '3333333', '2017-07-24 21:01:38', '2017-07-24 21:03:33', '1', '339133333424308224');
INSERT INTO `checkinbill` VALUES ('339162814423760896', '6', '1221212121', 'a770b', 'a770b', '1c7e1de21f554a06a3', '1', '1212', '2017-07-24 21:51:56', '2017-07-24 21:51:56', '1', '339133333424308224');
INSERT INTO `checkinbill` VALUES ('339163483406860288', '10', '3747337', 'a770b', 'f04c7', 'e2f3089254664f5f89', '1', '天津出库到公安部', '2017-07-24 21:54:35', '2017-07-24 21:56:46', '1', '339133170035195904');
INSERT INTO `checkinbill` VALUES ('339163698348163072', '10', '12345678', 'a770b', 'f04c7', 'e2f3089254664f5f89', '1', '天津出库到公安部1', '2017-07-24 21:55:27', '2017-07-24 21:56:46', '1', '339132972294733824');
INSERT INTO `checkinbill` VALUES ('339166728812494848', '7', '', 'a770b', 'f04c7', 'e2f3089254664f5f89', '0', '清退入库', '2017-07-24 22:07:29', '', '1', '');

-- ----------------------------
-- Table structure for checkinbillitem
-- ----------------------------
DROP TABLE IF EXISTS `checkinbillitem`;
CREATE TABLE `checkinbillitem` (
  `id` varchar(64) CHARACTER SET utf8 NOT NULL,
  `checkInBill_id` varchar(64) NOT NULL COMMENT '入库单ID',
  `product_id` varchar(64) NOT NULL COMMENT '密品id',
  `checkIn_time` varchar(64) DEFAULT NULL COMMENT '入库时间',
  `result` varchar(64) DEFAULT NULL COMMENT '入库状态',
  `create_time` varchar(64) DEFAULT NULL,
  `update_time` varchar(64) DEFAULT NULL,
  `status` varchar(64) DEFAULT NULL,
  PRIMARY KEY (`id`)
) ENGINE=InnoDB DEFAULT CHARSET=latin1 COMMENT='入库明细';

-- ----------------------------
-- Records of checkinbillitem
-- ----------------------------
INSERT INTO `checkinbillitem` VALUES ('339141982678941697', '339141982666358784', '339141982678941696', '2017-07-24 20:29:09', '1', '2017-07-24 20:29:09', '2017-07-24 20:29:09', '1');
INSERT INTO `checkinbillitem` VALUES ('339141982678941699', '339141982666358784', '339141982678941698', '2017-07-24 20:29:09', '1', '2017-07-24 20:29:09', '2017-07-24 20:29:09', '1');
INSERT INTO `checkinbillitem` VALUES ('339141982678941701', '339141982666358784', '339141982678941700', '2017-07-24 20:29:09', '1', '2017-07-24 20:29:09', '2017-07-24 20:29:09', '1');
INSERT INTO `checkinbillitem` VALUES ('339141982683136001', '339141982666358784', '339141982683136000', '2017-07-24 20:29:09', '1', '2017-07-24 20:29:09', '2017-07-24 20:29:09', '1');
INSERT INTO `checkinbillitem` VALUES ('339141982683136003', '339141982666358784', '339141982683136002', '2017-07-24 20:29:09', '1', '2017-07-24 20:29:09', '2017-07-24 20:29:09', '1');
INSERT INTO `checkinbillitem` VALUES ('339141982683136005', '339141982666358784', '339141982683136004', '2017-07-24 20:29:09', '1', '2017-07-24 20:29:09', '2017-07-24 20:29:09', '1');
INSERT INTO `checkinbillitem` VALUES ('339141982683136007', '339141982666358784', '339141982683136006', '2017-07-24 20:29:09', '1', '2017-07-24 20:29:09', '2017-07-24 20:29:09', '1');
INSERT INTO `checkinbillitem` VALUES ('339141982683136009', '339141982666358784', '339141982683136008', '2017-07-24 20:29:09', '1', '2017-07-24 20:29:09', '2017-07-24 20:29:09', '1');
INSERT INTO `checkinbillitem` VALUES ('339141982683136011', '339141982666358784', '339141982683136010', '2017-07-24 20:29:09', '1', '2017-07-24 20:29:09', '2017-07-24 20:29:09', '1');
INSERT INTO `checkinbillitem` VALUES ('339141982683136013', '339141982666358784', '339141982683136012', '2017-07-24 20:29:09', '1', '2017-07-24 20:29:09', '2017-07-24 20:29:09', '1');
INSERT INTO `checkinbillitem` VALUES ('339141982683136015', '339141982666358784', '339141982683136014', '2017-07-24 20:29:09', '1', '2017-07-24 20:29:09', '2017-07-24 20:29:09', '1');
INSERT INTO `checkinbillitem` VALUES ('339141982683136017', '339141982666358784', '339141982683136016', '2017-07-24 20:29:09', '1', '2017-07-24 20:29:09', '2017-07-24 20:29:09', '1');
INSERT INTO `checkinbillitem` VALUES ('339142663452229632', '339142663431258112', '339142663448035328', '2017-07-24 20:31:51', '1', '2017-07-24 20:31:51', '2017-07-24 20:31:51', '1');
INSERT INTO `checkinbillitem` VALUES ('339142663452229634', '339142663431258112', '339142663452229633', '2017-07-24 20:31:51', '1', '2017-07-24 20:31:51', '2017-07-24 20:31:51', '1');
INSERT INTO `checkinbillitem` VALUES ('339142663452229636', '339142663431258112', '339142663452229635', '2017-07-24 20:31:51', '1', '2017-07-24 20:31:51', '2017-07-24 20:31:51', '1');
INSERT INTO `checkinbillitem` VALUES ('339142663452229638', '339142663431258112', '339142663452229637', '2017-07-24 20:31:51', '1', '2017-07-24 20:31:51', '2017-07-24 20:31:51', '1');
INSERT INTO `checkinbillitem` VALUES ('339142663452229640', '339142663431258112', '339142663452229639', '2017-07-24 20:31:51', '1', '2017-07-24 20:31:51', '2017-07-24 20:31:51', '1');
INSERT INTO `checkinbillitem` VALUES ('339142663452229642', '339142663431258112', '339142663452229641', '2017-07-24 20:31:51', '1', '2017-07-24 20:31:51', '2017-07-24 20:31:51', '1');
INSERT INTO `checkinbillitem` VALUES ('339142663452229644', '339142663431258112', '339142663452229643', '2017-07-24 20:31:51', '1', '2017-07-24 20:31:51', '2017-07-24 20:31:51', '1');
INSERT INTO `checkinbillitem` VALUES ('339142663452229646', '339142663431258112', '339142663452229645', '2017-07-24 20:31:51', '1', '2017-07-24 20:31:51', '2017-07-24 20:31:51', '1');
INSERT INTO `checkinbillitem` VALUES ('339142663452229648', '339142663431258112', '339142663452229647', '2017-07-24 20:31:51', '1', '2017-07-24 20:31:51', '2017-07-24 20:31:51', '1');
INSERT INTO `checkinbillitem` VALUES ('339142663452229650', '339142663431258112', '339142663452229649', '2017-07-24 20:31:51', '1', '2017-07-24 20:31:51', '2017-07-24 20:31:51', '1');
INSERT INTO `checkinbillitem` VALUES ('339142663452229652', '339142663431258112', '339142663452229651', '2017-07-24 20:31:51', '1', '2017-07-24 20:31:51', '2017-07-24 20:31:51', '1');
INSERT INTO `checkinbillitem` VALUES ('339142663452229654', '339142663431258112', '339142663452229653', '2017-07-24 20:31:51', '1', '2017-07-24 20:31:51', '2017-07-24 20:31:51', '1');
INSERT INTO `checkinbillitem` VALUES ('339145712069509121', '339145712065314816', '339141982678941696', '2017-07-24 21:06:21', '1', '2017-07-24 20:43:58', '2017-07-24 21:06:21', '1');
INSERT INTO `checkinbillitem` VALUES ('339145712069509123', '339145712065314816', '339141982678941698', '2017-07-24 21:06:21', '1', '2017-07-24 20:43:58', '2017-07-24 21:06:21', '1');
INSERT INTO `checkinbillitem` VALUES ('339145712069509125', '339145712065314816', '339141982678941700', '2017-07-24 21:06:21', '1', '2017-07-24 20:43:58', '2017-07-24 21:06:21', '1');
INSERT INTO `checkinbillitem` VALUES ('339145712069509127', '339145712065314816', '339141982683136000', '2017-07-24 21:06:21', '1', '2017-07-24 20:43:58', '2017-07-24 21:06:21', '1');
INSERT INTO `checkinbillitem` VALUES ('339145712069509129', '339145712065314816', '339141982683136002', '2017-07-24 21:06:21', '1', '2017-07-24 20:43:58', '2017-07-24 21:06:21', '1');
INSERT INTO `checkinbillitem` VALUES ('339145712069509131', '339145712065314816', '339141982683136004', '2017-07-24 21:06:21', '1', '2017-07-24 20:43:58', '2017-07-24 21:06:21', '1');
INSERT INTO `checkinbillitem` VALUES ('339145712069509133', '339145712065314816', '339141982683136012', '2017-07-24 21:06:21', '1', '2017-07-24 20:43:58', '2017-07-24 21:06:21', '1');
INSERT INTO `checkinbillitem` VALUES ('339145877723545601', '339145877719351296', '339141982683136006', '2017-07-24 21:06:21', '1', '2017-07-24 20:44:38', '2017-07-24 21:06:21', '1');
INSERT INTO `checkinbillitem` VALUES ('339145877723545603', '339145877719351296', '339141982683136008', '2017-07-24 21:06:21', '1', '2017-07-24 20:44:38', '2017-07-24 21:06:21', '1');
INSERT INTO `checkinbillitem` VALUES ('339145877727739904', '339145877719351296', '339141982683136016', '2017-07-24 21:06:21', '1', '2017-07-24 20:44:38', '2017-07-24 21:06:21', '1');
INSERT INTO `checkinbillitem` VALUES ('339145877727739906', '339145877719351296', '339142663452229645', '2017-07-24 21:06:21', '1', '2017-07-24 20:44:38', '2017-07-24 21:06:21', '1');
INSERT INTO `checkinbillitem` VALUES ('339146156674121729', '339146156669927424', '339141982683136010', '2017-07-24 21:06:20', '1', '2017-07-24 20:45:44', '2017-07-24 21:06:20', '1');
INSERT INTO `checkinbillitem` VALUES ('339146156674121731', '339146156669927424', '339141982683136014', '2017-07-24 21:06:20', '1', '2017-07-24 20:45:44', '2017-07-24 21:06:20', '1');
INSERT INTO `checkinbillitem` VALUES ('339146156674121733', '339146156669927424', '339142663448035328', '2017-07-24 21:06:20', '1', '2017-07-24 20:45:44', '2017-07-24 21:06:20', '1');
INSERT INTO `checkinbillitem` VALUES ('339146156674121735', '339146156669927424', '339142663452229633', '2017-07-24 21:06:20', '1', '2017-07-24 20:45:44', '2017-07-24 21:06:20', '1');
INSERT INTO `checkinbillitem` VALUES ('339146156674121737', '339146156669927424', '339142663452229635', '2017-07-24 21:06:20', '1', '2017-07-24 20:45:44', '2017-07-24 21:06:20', '1');
INSERT INTO `checkinbillitem` VALUES ('339146156674121739', '339146156669927424', '339142663452229637', '2017-07-24 21:06:20', '1', '2017-07-24 20:45:44', '2017-07-24 21:06:20', '1');
INSERT INTO `checkinbillitem` VALUES ('339146156674121741', '339146156669927424', '339142663452229639', '2017-07-24 21:06:20', '1', '2017-07-24 20:45:44', '2017-07-24 21:06:20', '1');
INSERT INTO `checkinbillitem` VALUES ('339146156674121743', '339146156669927424', '339142663452229641', '2017-07-24 21:06:20', '1', '2017-07-24 20:45:44', '2017-07-24 21:06:20', '1');
INSERT INTO `checkinbillitem` VALUES ('339146156674121745', '339146156669927424', '339142663452229643', '2017-07-24 21:06:20', '1', '2017-07-24 20:45:44', '2017-07-24 21:06:20', '1');
INSERT INTO `checkinbillitem` VALUES ('339146156678316033', '339146156669927424', '339142663452229647', '2017-07-24 21:06:20', '1', '2017-07-24 20:45:44', '2017-07-24 21:06:20', '1');
INSERT INTO `checkinbillitem` VALUES ('339146156678316035', '339146156669927424', '339142663452229649', '2017-07-24 21:06:20', '1', '2017-07-24 20:45:44', '2017-07-24 21:06:20', '1');
INSERT INTO `checkinbillitem` VALUES ('339146156678316037', '339146156669927424', '339142663452229651', '2017-07-24 21:06:20', '1', '2017-07-24 20:45:44', '2017-07-24 21:06:20', '1');
INSERT INTO `checkinbillitem` VALUES ('339146156678316039', '339146156669927424', '339142663452229653', '2017-07-24 21:06:20', '1', '2017-07-24 20:45:44', '2017-07-24 21:06:20', '1');
INSERT INTO `checkinbillitem` VALUES ('339149784843550721', '339149784835162112', '339144942536359936', '2017-07-24 21:04:42', '1', '2017-07-24 21:00:09', '2017-07-24 21:04:42', '1');
INSERT INTO `checkinbillitem` VALUES ('339149784843550723', '339149784835162112', '339144942645411840', '2017-07-24 21:04:42', '1', '2017-07-24 21:00:09', '2017-07-24 21:04:42', '1');
INSERT INTO `checkinbillitem` VALUES ('339149784843550725', '339149784835162112', '339144942901264384', '2017-07-24 21:04:42', '1', '2017-07-24 21:00:09', '2017-07-24 21:04:42', '1');
INSERT INTO `checkinbillitem` VALUES ('339150021481988097', '339150021469405184', '339144943027093504', '2017-07-24 21:04:42', '1', '2017-07-24 21:01:06', '2017-07-24 21:04:42', '1');
INSERT INTO `checkinbillitem` VALUES ('339150021481988099', '339150021469405184', '339144943241003008', '2017-07-24 21:04:42', '1', '2017-07-24 21:01:06', '2017-07-24 21:04:42', '1');
INSERT INTO `checkinbillitem` VALUES ('339150155561304065', '339150155552915456', '339144943098396672', '2017-07-24 21:03:33', '1', '2017-07-24 21:01:38', '2017-07-24 21:03:33', '1');
INSERT INTO `checkinbillitem` VALUES ('339150155561304067', '339150155552915456', '339144943379415040', '2017-07-24 21:03:33', '1', '2017-07-24 21:01:38', '2017-07-24 21:03:33', '1');
INSERT INTO `checkinbillitem` VALUES ('339150155561304069', '339150155552915456', '339144943446523904', '2017-07-24 21:03:33', '1', '2017-07-24 21:01:38', '2017-07-24 21:03:33', '1');
INSERT INTO `checkinbillitem` VALUES ('339162814436343809', '339162814423760896', '339162814436343808', '2017-07-24 21:51:56', '1', '2017-07-24 21:51:56', '2017-07-24 21:51:56', '1');
INSERT INTO `checkinbillitem` VALUES ('339162814436343811', '339162814423760896', '339162814436343810', '2017-07-24 21:51:56', '1', '2017-07-24 21:51:56', '2017-07-24 21:51:56', '1');
INSERT INTO `checkinbillitem` VALUES ('339163483415248897', '339163483406860288', '339141982678941696', '2017-07-24 21:56:46', '1', '2017-07-24 21:54:35', '2017-07-24 21:56:46', '1');
INSERT INTO `checkinbillitem` VALUES ('339163483415248899', '339163483406860288', '339141982678941698', '2017-07-24 21:56:46', '1', '2017-07-24 21:54:35', '2017-07-24 21:56:46', '1');
INSERT INTO `checkinbillitem` VALUES ('339163483419443200', '339163483406860288', '339141982678941700', '2017-07-24 21:56:46', '1', '2017-07-24 21:54:35', '2017-07-24 21:56:46', '1');
INSERT INTO `checkinbillitem` VALUES ('339163483419443202', '339163483406860288', '339141982683136000', '2017-07-24 21:56:46', '1', '2017-07-24 21:54:35', '2017-07-24 21:56:46', '1');
INSERT INTO `checkinbillitem` VALUES ('339163483419443204', '339163483406860288', '339141982683136002', '2017-07-24 21:56:46', '1', '2017-07-24 21:54:35', '2017-07-24 21:56:46', '1');
INSERT INTO `checkinbillitem` VALUES ('339163698356551681', '339163698348163072', '339141982683136004', '2017-07-24 21:56:45', '1', '2017-07-24 21:55:27', '2017-07-24 21:56:45', '1');
INSERT INTO `checkinbillitem` VALUES ('339163698356551683', '339163698348163072', '339141982683136006', '2017-07-24 21:56:45', '1', '2017-07-24 21:55:27', '2017-07-24 21:56:45', '1');
INSERT INTO `checkinbillitem` VALUES ('339163698356551685', '339163698348163072', '339141982683136008', '2017-07-24 21:56:45', '1', '2017-07-24 21:55:27', '2017-07-24 21:56:45', '1');
INSERT INTO `checkinbillitem` VALUES ('339166729009627136', '339166728812494848', '339142663448035328', '', '0', '2017-07-24 22:07:29', '', '1');
INSERT INTO `checkinbillitem` VALUES ('339166729009627137', '339166728812494848', '339142663452229633', '', '0', '2017-07-24 22:07:29', '', '1');
INSERT INTO `checkinbillitem` VALUES ('339166729009627138', '339166728812494848', '339142663452229637', '', '0', '2017-07-24 22:07:29', '', '1');
INSERT INTO `checkinbillitem` VALUES ('339166729009627139', '339166728812494848', '339142663452229635', '', '0', '2017-07-24 22:07:29', '', '1');
INSERT INTO `checkinbillitem` VALUES ('339166729009627140', '339166728812494848', '339142663452229639', '', '0', '2017-07-24 22:07:29', '', '1');
INSERT INTO `checkinbillitem` VALUES ('339166729009627141', '339166728812494848', '339142663452229641', '', '0', '2017-07-24 22:07:29', '', '1');
INSERT INTO `checkinbillitem` VALUES ('339166729009627142', '339166728812494848', '339142663452229645', '', '0', '2017-07-24 22:07:29', '', '1');
INSERT INTO `checkinbillitem` VALUES ('339166729009627143', '339166728812494848', '339142663452229643', '', '0', '2017-07-24 22:07:29', '', '1');
INSERT INTO `checkinbillitem` VALUES ('339166729009627144', '339166728812494848', '339142663452229647', '', '0', '2017-07-24 22:07:29', '', '1');
INSERT INTO `checkinbillitem` VALUES ('339166729009627145', '339166728812494848', '339142663452229649', '', '0', '2017-07-24 22:07:29', '', '1');
INSERT INTO `checkinbillitem` VALUES ('339166729009627146', '339166728812494848', '339142663452229653', '', '0', '2017-07-24 22:07:29', '', '1');
INSERT INTO `checkinbillitem` VALUES ('339166729009627147', '339166728812494848', '339142663452229651', '', '0', '2017-07-24 22:07:29', '', '1');
INSERT INTO `checkinbillitem` VALUES ('339166729009627148', '339166728812494848', '339144942536359936', '', '0', '2017-07-24 22:07:29', '', '1');
INSERT INTO `checkinbillitem` VALUES ('339166729009627149', '339166728812494848', '339144942645411840', '', '0', '2017-07-24 22:07:29', '', '1');
INSERT INTO `checkinbillitem` VALUES ('339166729009627150', '339166728812494848', '339144943027093504', '', '0', '2017-07-24 22:07:29', '', '1');
INSERT INTO `checkinbillitem` VALUES ('339166729013821440', '339166728812494848', '339144942901264384', '', '0', '2017-07-24 22:07:29', '', '1');
INSERT INTO `checkinbillitem` VALUES ('339166729013821441', '339166728812494848', '339144943098396672', '', '0', '2017-07-24 22:07:29', '', '1');
INSERT INTO `checkinbillitem` VALUES ('339166729013821442', '339166728812494848', '339144943241003008', '', '0', '2017-07-24 22:07:29', '', '1');
INSERT INTO `checkinbillitem` VALUES ('339166729013821443', '339166728812494848', '339144943446523904', '', '0', '2017-07-24 22:07:29', '', '1');
INSERT INTO `checkinbillitem` VALUES ('339166729013821444', '339166728812494848', '339144943379415040', '', '0', '2017-07-24 22:07:29', '', '1');

-- ----------------------------
-- Table structure for checkoutbill
-- ----------------------------
DROP TABLE IF EXISTS `checkoutbill`;
CREATE TABLE `checkoutbill` (
  `id` varchar(64) NOT NULL,
  `dictionary_id` varchar(64) NOT NULL COMMENT '出库类型id',
  `bill_code` varchar(64) DEFAULT NULL COMMENT '出库单号',
  `res_department_id` varchar(64) DEFAULT NULL COMMENT '源单位id-系统sysuser的单位id',
  `des_department_id` varchar(64) DEFAULT NULL COMMENT '目的单位id',
  `result` varchar(64) DEFAULT NULL COMMENT '出库状态',
  `person_name` varchar(64) DEFAULT NULL COMMENT '交接人',
  `info` varchar(100) DEFAULT NULL COMMENT '备注',
  `create_time` varchar(64) DEFAULT NULL,
  `update_time` varchar(64) DEFAULT NULL COMMENT '出库完成时间',
  `status` varchar(64) DEFAULT NULL,
  `sysuser_id` varchar(64) DEFAULT NULL COMMENT '领用人-0707',
  `location_id` varchar(64) DEFAULT NULL COMMENT '使用位置id',
  PRIMARY KEY (`id`)
) ENGINE=InnoDB DEFAULT CHARSET=utf8 COMMENT='出库单';

-- ----------------------------
-- Records of checkoutbill
-- ----------------------------
INSERT INTO `checkoutbill` VALUES ('339145712052731904', '9', 'SBMPCK0001', 'f04c7', 'a770b', '1', '郭泰格', '测试数据', '2017-07-24 20:43:58', '2017-07-24 20:43:58', '1', 'e2f3089254664f5f89', '');
INSERT INTO `checkoutbill` VALUES ('339145877710962688', '9', 'SBMPCK0002', 'f04c7', 'a770b', '1', '郭泰格', '', '2017-07-24 20:44:38', '2017-07-24 20:44:38', '1', 'e2f3089254664f5f89', '');
INSERT INTO `checkoutbill` VALUES ('339146156661538816', '9', 'SBMPCK0003', 'f04c7', 'a770b', '1', '郭泰格', '', '2017-07-24 20:45:44', '2017-07-24 20:45:44', '1', 'e2f3089254664f5f89', '');
INSERT INTO `checkoutbill` VALUES ('339149784822579200', '9', 'ceshiBH001', 'f04c7', 'a770b', '1', '郭泰格', '测试数据', '2017-07-24 21:00:09', '2017-07-24 21:00:09', '1', 'e2f3089254664f5f89', '');
INSERT INTO `checkoutbill` VALUES ('339150021452627968', '9', 'ceshiBH002', 'f04c7', 'a770b', '1', '郭泰格', '22222222', '2017-07-24 21:01:06', '2017-07-24 21:01:06', '1', 'e2f3089254664f5f89', '');
INSERT INTO `checkoutbill` VALUES ('339150155540332544', '9', 'ceshiBH003', 'f04c7', 'a770b', '1', '郭泰格', '3333333', '2017-07-24 21:01:38', '2017-07-24 21:01:38', '1', 'e2f3089254664f5f89', '');
INSERT INTO `checkoutbill` VALUES ('339163483394277376', '9', 'TJCKGAB001', 'a770b', 'f04c7', '1', '公安部', '天津出库到公安部', '2017-07-24 21:54:35', '2017-07-24 21:54:35', '1', '1c7e1de21f554a06a3', '');
INSERT INTO `checkoutbill` VALUES ('339163698339774464', '9', 'TJCKGAB002', 'a770b', 'f04c7', '1', '公安部', '天津出库到公安部1', '2017-07-24 21:55:27', '2017-07-24 21:55:27', '1', '1c7e1de21f554a06a3', '');
INSERT INTO `checkoutbill` VALUES ('339166728950906880', '11', '', 'a770b', 'f04c7', '0', '', '清退出库', '2017-07-24 22:07:29', '', '1', '1c7e1de21f554a06a3', null);

-- ----------------------------
-- Table structure for checkoutbillitem
-- ----------------------------
DROP TABLE IF EXISTS `checkoutbillitem`;
CREATE TABLE `checkoutbillitem` (
  `id` varchar(64) NOT NULL,
  `checkOutBill_id` varchar(64) NOT NULL COMMENT '出库单ID',
  `product_id` varchar(64) NOT NULL COMMENT '密品id',
  `checkOut_time` varchar(64) DEFAULT NULL COMMENT '出库时间',
  `result` varchar(64) DEFAULT NULL COMMENT '出库状态',
  `create_time` varchar(64) DEFAULT NULL,
  `update_time` varchar(64) DEFAULT NULL,
  `status` varchar(64) DEFAULT NULL,
  PRIMARY KEY (`id`)
) ENGINE=InnoDB DEFAULT CHARSET=utf8 COMMENT='出库明细';

-- ----------------------------
-- Records of checkoutbillitem
-- ----------------------------
INSERT INTO `checkoutbillitem` VALUES ('339145712069509120', '339145712052731904', '339141982678941696', '2017-07-24 20:43:58', '1', '2017-07-24 20:43:58', '2017-07-24 20:43:58', '1');
INSERT INTO `checkoutbillitem` VALUES ('339145712069509122', '339145712052731904', '339141982678941698', '2017-07-24 20:43:58', '1', '2017-07-24 20:43:58', '2017-07-24 20:43:58', '1');
INSERT INTO `checkoutbillitem` VALUES ('339145712069509124', '339145712052731904', '339141982678941700', '2017-07-24 20:43:58', '1', '2017-07-24 20:43:58', '2017-07-24 20:43:58', '1');
INSERT INTO `checkoutbillitem` VALUES ('339145712069509126', '339145712052731904', '339141982683136000', '2017-07-24 20:43:58', '1', '2017-07-24 20:43:58', '2017-07-24 20:43:58', '1');
INSERT INTO `checkoutbillitem` VALUES ('339145712069509128', '339145712052731904', '339141982683136002', '2017-07-24 20:43:58', '1', '2017-07-24 20:43:58', '2017-07-24 20:43:58', '1');
INSERT INTO `checkoutbillitem` VALUES ('339145712069509130', '339145712052731904', '339141982683136004', '2017-07-24 20:43:58', '1', '2017-07-24 20:43:58', '2017-07-24 20:43:58', '1');
INSERT INTO `checkoutbillitem` VALUES ('339145712069509132', '339145712052731904', '339141982683136012', '2017-07-24 20:43:58', '1', '2017-07-24 20:43:58', '2017-07-24 20:43:58', '1');
INSERT INTO `checkoutbillitem` VALUES ('339145877723545600', '339145877710962688', '339141982683136006', '2017-07-24 20:44:38', '1', '2017-07-24 20:44:38', '2017-07-24 20:44:38', '1');
INSERT INTO `checkoutbillitem` VALUES ('339145877723545602', '339145877710962688', '339141982683136008', '2017-07-24 20:44:38', '1', '2017-07-24 20:44:38', '2017-07-24 20:44:38', '1');
INSERT INTO `checkoutbillitem` VALUES ('339145877723545604', '339145877710962688', '339141982683136016', '2017-07-24 20:44:38', '1', '2017-07-24 20:44:38', '2017-07-24 20:44:38', '1');
INSERT INTO `checkoutbillitem` VALUES ('339145877727739905', '339145877710962688', '339142663452229645', '2017-07-24 20:44:38', '1', '2017-07-24 20:44:38', '2017-07-24 20:44:38', '1');
INSERT INTO `checkoutbillitem` VALUES ('339146156674121728', '339146156661538816', '339141982683136010', '2017-07-24 20:45:44', '1', '2017-07-24 20:45:44', '2017-07-24 20:45:44', '1');
INSERT INTO `checkoutbillitem` VALUES ('339146156674121730', '339146156661538816', '339141982683136014', '2017-07-24 20:45:44', '1', '2017-07-24 20:45:44', '2017-07-24 20:45:44', '1');
INSERT INTO `checkoutbillitem` VALUES ('339146156674121732', '339146156661538816', '339142663448035328', '2017-07-24 20:45:44', '1', '2017-07-24 20:45:44', '2017-07-24 20:45:44', '1');
INSERT INTO `checkoutbillitem` VALUES ('339146156674121734', '339146156661538816', '339142663452229633', '2017-07-24 20:45:44', '1', '2017-07-24 20:45:44', '2017-07-24 20:45:44', '1');
INSERT INTO `checkoutbillitem` VALUES ('339146156674121736', '339146156661538816', '339142663452229635', '2017-07-24 20:45:44', '1', '2017-07-24 20:45:44', '2017-07-24 20:45:44', '1');
INSERT INTO `checkoutbillitem` VALUES ('339146156674121738', '339146156661538816', '339142663452229637', '2017-07-24 20:45:44', '1', '2017-07-24 20:45:44', '2017-07-24 20:45:44', '1');
INSERT INTO `checkoutbillitem` VALUES ('339146156674121740', '339146156661538816', '339142663452229639', '2017-07-24 20:45:44', '1', '2017-07-24 20:45:44', '2017-07-24 20:45:44', '1');
INSERT INTO `checkoutbillitem` VALUES ('339146156674121742', '339146156661538816', '339142663452229641', '2017-07-24 20:45:44', '1', '2017-07-24 20:45:44', '2017-07-24 20:45:44', '1');
INSERT INTO `checkoutbillitem` VALUES ('339146156674121744', '339146156661538816', '339142663452229643', '2017-07-24 20:45:44', '1', '2017-07-24 20:45:44', '2017-07-24 20:45:44', '1');
INSERT INTO `checkoutbillitem` VALUES ('339146156678316032', '339146156661538816', '339142663452229647', '2017-07-24 20:45:44', '1', '2017-07-24 20:45:44', '2017-07-24 20:45:44', '1');
INSERT INTO `checkoutbillitem` VALUES ('339146156678316034', '339146156661538816', '339142663452229649', '2017-07-24 20:45:44', '1', '2017-07-24 20:45:44', '2017-07-24 20:45:44', '1');
INSERT INTO `checkoutbillitem` VALUES ('339146156678316036', '339146156661538816', '339142663452229651', '2017-07-24 20:45:44', '1', '2017-07-24 20:45:44', '2017-07-24 20:45:44', '1');
INSERT INTO `checkoutbillitem` VALUES ('339146156678316038', '339146156661538816', '339142663452229653', '2017-07-24 20:45:44', '1', '2017-07-24 20:45:44', '2017-07-24 20:45:44', '1');
INSERT INTO `checkoutbillitem` VALUES ('339149784843550720', '339149784822579200', '339144942536359936', '2017-07-24 21:00:09', '1', '2017-07-24 21:00:09', '2017-07-24 21:00:09', '1');
INSERT INTO `checkoutbillitem` VALUES ('339149784843550722', '339149784822579200', '339144942645411840', '2017-07-24 21:00:09', '1', '2017-07-24 21:00:09', '2017-07-24 21:00:09', '1');
INSERT INTO `checkoutbillitem` VALUES ('339149784843550724', '339149784822579200', '339144942901264384', '2017-07-24 21:00:09', '1', '2017-07-24 21:00:09', '2017-07-24 21:00:09', '1');
INSERT INTO `checkoutbillitem` VALUES ('339150021481988096', '339150021452627968', '339144943027093504', '2017-07-24 21:01:06', '1', '2017-07-24 21:01:06', '2017-07-24 21:01:06', '1');
INSERT INTO `checkoutbillitem` VALUES ('339150021481988098', '339150021452627968', '339144943241003008', '2017-07-24 21:01:06', '1', '2017-07-24 21:01:06', '2017-07-24 21:01:06', '1');
INSERT INTO `checkoutbillitem` VALUES ('339150155561304064', '339150155540332544', '339144943098396672', '2017-07-24 21:01:38', '1', '2017-07-24 21:01:38', '2017-07-24 21:01:38', '1');
INSERT INTO `checkoutbillitem` VALUES ('339150155561304066', '339150155540332544', '339144943379415040', '2017-07-24 21:01:38', '1', '2017-07-24 21:01:38', '2017-07-24 21:01:38', '1');
INSERT INTO `checkoutbillitem` VALUES ('339150155561304068', '339150155540332544', '339144943446523904', '2017-07-24 21:01:38', '1', '2017-07-24 21:01:38', '2017-07-24 21:01:38', '1');
INSERT INTO `checkoutbillitem` VALUES ('339163483415248896', '339163483394277376', '339141982678941696', '2017-07-24 21:54:35', '1', '2017-07-24 21:54:35', '2017-07-24 21:54:35', '1');
INSERT INTO `checkoutbillitem` VALUES ('339163483415248898', '339163483394277376', '339141982678941698', '2017-07-24 21:54:35', '1', '2017-07-24 21:54:35', '2017-07-24 21:54:35', '1');
INSERT INTO `checkoutbillitem` VALUES ('339163483415248900', '339163483394277376', '339141982678941700', '2017-07-24 21:54:35', '1', '2017-07-24 21:54:35', '2017-07-24 21:54:35', '1');
INSERT INTO `checkoutbillitem` VALUES ('339163483419443201', '339163483394277376', '339141982683136000', '2017-07-24 21:54:35', '1', '2017-07-24 21:54:35', '2017-07-24 21:54:35', '1');
INSERT INTO `checkoutbillitem` VALUES ('339163483419443203', '339163483394277376', '339141982683136002', '2017-07-24 21:54:35', '1', '2017-07-24 21:54:35', '2017-07-24 21:54:35', '1');
INSERT INTO `checkoutbillitem` VALUES ('339163698356551680', '339163698339774464', '339141982683136004', '2017-07-24 21:55:27', '1', '2017-07-24 21:55:27', '2017-07-24 21:55:27', '1');
INSERT INTO `checkoutbillitem` VALUES ('339163698356551682', '339163698339774464', '339141982683136006', '2017-07-24 21:55:27', '1', '2017-07-24 21:55:27', '2017-07-24 21:55:27', '1');
INSERT INTO `checkoutbillitem` VALUES ('339163698356551684', '339163698339774464', '339141982683136008', '2017-07-24 21:55:27', '1', '2017-07-24 21:55:27', '2017-07-24 21:55:27', '1');
INSERT INTO `checkoutbillitem` VALUES ('339166730557325312', '339166728950906880', '339142663448035328', '', '0', '2017-07-24 22:07:29', null, '1');
INSERT INTO `checkoutbillitem` VALUES ('339166730557325313', '339166728950906880', '339142663452229633', '', '0', '2017-07-24 22:07:29', null, '1');
INSERT INTO `checkoutbillitem` VALUES ('339166730557325314', '339166728950906880', '339142663452229637', '', '0', '2017-07-24 22:07:29', null, '1');
INSERT INTO `checkoutbillitem` VALUES ('339166730557325315', '339166728950906880', '339142663452229635', '', '0', '2017-07-24 22:07:29', null, '1');
INSERT INTO `checkoutbillitem` VALUES ('339166730557325316', '339166728950906880', '339142663452229639', '', '0', '2017-07-24 22:07:29', null, '1');
INSERT INTO `checkoutbillitem` VALUES ('339166730557325317', '339166728950906880', '339142663452229641', '', '0', '2017-07-24 22:07:29', null, '1');
INSERT INTO `checkoutbillitem` VALUES ('339166730557325318', '339166728950906880', '339142663452229645', '', '0', '2017-07-24 22:07:29', null, '1');
INSERT INTO `checkoutbillitem` VALUES ('339166730557325319', '339166728950906880', '339142663452229643', '', '0', '2017-07-24 22:07:29', null, '1');
INSERT INTO `checkoutbillitem` VALUES ('339166730557325320', '339166728950906880', '339142663452229647', '', '0', '2017-07-24 22:07:29', null, '1');
INSERT INTO `checkoutbillitem` VALUES ('339166730557325321', '339166728950906880', '339142663452229649', '', '0', '2017-07-24 22:07:29', null, '1');
INSERT INTO `checkoutbillitem` VALUES ('339166730557325322', '339166728950906880', '339142663452229653', '', '0', '2017-07-24 22:07:29', null, '1');
INSERT INTO `checkoutbillitem` VALUES ('339166730557325323', '339166728950906880', '339142663452229651', '', '0', '2017-07-24 22:07:29', null, '1');
INSERT INTO `checkoutbillitem` VALUES ('339166730557325324', '339166728950906880', '339144942536359936', '', '0', '2017-07-24 22:07:29', null, '1');
INSERT INTO `checkoutbillitem` VALUES ('339166730557325325', '339166728950906880', '339144942645411840', '', '0', '2017-07-24 22:07:29', null, '1');
INSERT INTO `checkoutbillitem` VALUES ('339166730557325326', '339166728950906880', '339144943027093504', '', '0', '2017-07-24 22:07:29', null, '1');
INSERT INTO `checkoutbillitem` VALUES ('339166730557325327', '339166728950906880', '339144942901264384', '', '0', '2017-07-24 22:07:29', null, '1');
INSERT INTO `checkoutbillitem` VALUES ('339166730557325328', '339166728950906880', '339144943098396672', '', '0', '2017-07-24 22:07:29', null, '1');
INSERT INTO `checkoutbillitem` VALUES ('339166730557325329', '339166728950906880', '339144943241003008', '', '0', '2017-07-24 22:07:29', null, '1');
INSERT INTO `checkoutbillitem` VALUES ('339166730557325330', '339166728950906880', '339144943446523904', '', '0', '2017-07-24 22:07:29', null, '1');
INSERT INTO `checkoutbillitem` VALUES ('339166730557325331', '339166728950906880', '339144943379415040', '', '0', '2017-07-24 22:07:29', null, '1');

-- ----------------------------
-- Table structure for department
-- ----------------------------
DROP TABLE IF EXISTS `department`;
CREATE TABLE `department` (
  `id` varchar(64) NOT NULL,
  `dep_name` varchar(64) NOT NULL COMMENT '单位名称',
  `superDep_id` varchar(64) DEFAULT NULL COMMENT '上级单位id  0：一级单位 无上级单位',
  `dictionary_id` varchar(64) DEFAULT NULL COMMENT '单位类型id',
  `sysUser_id` varchar(64) DEFAULT NULL COMMENT '单位责任人id',
  `info` varchar(100) DEFAULT NULL COMMENT '备注',
  `create_time` varchar(64) DEFAULT NULL,
  `update_time` varchar(64) DEFAULT NULL,
  `dept_sort` varchar(128) DEFAULT NULL,
  `status` varchar(64) DEFAULT NULL,
  PRIMARY KEY (`id`)
) ENGINE=InnoDB DEFAULT CHARSET=utf8 COMMENT='单位（组织机构）';

-- ----------------------------
-- Records of department
-- ----------------------------
INSERT INTO `department` VALUES ('a770b', '天津市公安部', 'f04c7', null, '1c7e1de21f554a06a3', '', '2017-07-24 19:52:28', null, 'f04c7a770b', '1');
INSERT INTO `department` VALUES ('f04c7', '公安部', '0', null, 'e2f3089254664f5f89', '公安部门的组织机构', '2017-07-24 19:52:06', null, 'f04c7', '1');

-- ----------------------------
-- Table structure for dictionary
-- ----------------------------
DROP TABLE IF EXISTS `dictionary`;
CREATE TABLE `dictionary` (
  `id` varchar(64) NOT NULL,
  `type` varchar(64) DEFAULT NULL,
  `code` varchar(64) DEFAULT NULL,
  `value` varchar(64) DEFAULT NULL,
  PRIMARY KEY (`id`)
) ENGINE=InnoDB DEFAULT CHARSET=utf8 COMMENT='数据字典';

-- ----------------------------
-- Records of dictionary
-- ----------------------------
INSERT INTO `dictionary` VALUES ('1', 'productType', '1', 'UKey');
INSERT INTO `dictionary` VALUES ('10', 'checkinbillType', '10', '生成出库单并生成入库单');
INSERT INTO `dictionary` VALUES ('11', 'checkoutbillType', '11', '清退出库');
INSERT INTO `dictionary` VALUES ('12', 'sysequipmenttype', '12', '出入监控');
INSERT INTO `dictionary` VALUES ('13', 'sysequipmenttype', '13', '受控箱');
INSERT INTO `dictionary` VALUES ('14', 'productType', '14', '网卡');
INSERT INTO `dictionary` VALUES ('2', 'productType', '2', '光盘');
INSERT INTO `dictionary` VALUES ('3', 'productType', '3', '文件');
INSERT INTO `dictionary` VALUES ('4', 'productType', '4', '设备');
INSERT INTO `dictionary` VALUES ('5', 'productType', '5', '其他');
INSERT INTO `dictionary` VALUES ('6', 'checkinbillType', '6', '入库单新建入库');
INSERT INTO `dictionary` VALUES ('7', 'checkinbillType', '7', '清退入库');
INSERT INTO `dictionary` VALUES ('8', 'sysequipmenttype', '8', '智能载体柜');
INSERT INTO `dictionary` VALUES ('9', 'checkoutbillType', '9', '出库单新建入库');

-- ----------------------------
-- Table structure for inventory
-- ----------------------------
DROP TABLE IF EXISTS `inventory`;
CREATE TABLE `inventory` (
  `id` varchar(64) NOT NULL,
  `dictionaryID` varchar(64) DEFAULT NULL COMMENT ' 密品类别id',
  `applicationID` varchar(64) DEFAULT NULL COMMENT '所属系统id',
  `sysUserID` varchar(64) DEFAULT NULL COMMENT '创建人id',
  `creatTime` varchar(64) NOT NULL COMMENT '创建时间',
  `result` varchar(64) DEFAULT NULL COMMENT '清点结果',
  `retTime` varchar(64) DEFAULT NULL COMMENT '完成时间',
  `status` varchar(64) DEFAULT NULL COMMENT '状态',
  `performer` varchar(64) DEFAULT NULL COMMENT '执行人',
  `location_id` varchar(64) DEFAULT NULL COMMENT '位置id',
  `departmentID` varchar(64) DEFAULT NULL COMMENT '所属部门id-0705增加',
  PRIMARY KEY (`id`)
) ENGINE=InnoDB DEFAULT CHARSET=utf8 COMMENT='清点计划';

-- ----------------------------
-- Records of inventory
-- ----------------------------
INSERT INTO `inventory` VALUES ('339144005453348864', '', '', 'e2f3089254664f5f89', '2017-07-24 20:37:11', '符合', '2017-07-24 20:57:42', '2', 'e2f3089254664f5f89', '', 'f04c7');
INSERT INTO `inventory` VALUES ('339144162790080512', '4', '', 'e2f3089254664f5f89', '2017-07-24 20:37:49', '符合', '2017-07-24 20:57:42', '2', 'e2f3089254664f5f89', '', 'f04c7');
INSERT INTO `inventory` VALUES ('339151516394848256', '', '339138633753690112', '1c7e1de21f554a06a3', '2017-07-24 21:07:02', '符合', '2017-07-24 21:11:22', '2', '1c7e1de21f554a06a3', '339133333424308224', 'a770b');
INSERT INTO `inventory` VALUES ('339151598901002240', '', '339138506280402944', '1c7e1de21f554a06a3', '2017-07-24 21:07:22', '符合', '2017-07-24 21:11:22', '2', '1c7e1de21f554a06a3', '339133333424308224', 'a770b');
INSERT INTO `inventory` VALUES ('339151698473779200', '', '339133595857715200', '1c7e1de21f554a06a3', '2017-07-24 21:07:46', '符合', '2017-07-24 21:11:22', '2', '1c7e1de21f554a06a3', '', 'a770b');
INSERT INTO `inventory` VALUES ('339152903711227904', '', '', '1c7e1de21f554a06a3', '2017-07-24 21:12:33', '符合', '2017-07-24 21:48:50', '2', '1c7e1de21f554a06a3', '', 'a770b');

-- ----------------------------
-- Table structure for inventoryitem
-- ----------------------------
DROP TABLE IF EXISTS `inventoryitem`;
CREATE TABLE `inventoryitem` (
  `id` varchar(64) NOT NULL,
  `inventory_id` varchar(64) NOT NULL COMMENT '计划编号id',
  `product_id` varchar(64) NOT NULL COMMENT '密品id',
  `result` varchar(64) DEFAULT NULL COMMENT '清点结果',
  PRIMARY KEY (`id`)
) ENGINE=InnoDB DEFAULT CHARSET=utf8 COMMENT='清点计划明细';

-- ----------------------------
-- Records of inventoryitem
-- ----------------------------
INSERT INTO `inventoryitem` VALUES ('339144005453348865', '339144005453348864', '339141982678941696', '符合');
INSERT INTO `inventoryitem` VALUES ('339144005453348866', '339144005453348864', '339141982678941698', '符合');
INSERT INTO `inventoryitem` VALUES ('339144005453348867', '339144005453348864', '339141982683136000', '符合');
INSERT INTO `inventoryitem` VALUES ('339144005453348868', '339144005453348864', '339141982678941700', '符合');
INSERT INTO `inventoryitem` VALUES ('339144005453348869', '339144005453348864', '339141982683136002', '符合');
INSERT INTO `inventoryitem` VALUES ('339144005453348870', '339144005453348864', '339141982683136004', '符合');
INSERT INTO `inventoryitem` VALUES ('339144005453348871', '339144005453348864', '339141982683136008', '符合');
INSERT INTO `inventoryitem` VALUES ('339144005453348872', '339144005453348864', '339141982683136006', '符合');
INSERT INTO `inventoryitem` VALUES ('339144162790080513', '339144162790080512', '339141982678941696', '符合');
INSERT INTO `inventoryitem` VALUES ('339144162790080514', '339144162790080512', '339141982678941698', '符合');
INSERT INTO `inventoryitem` VALUES ('339144162790080515', '339144162790080512', '339141982683136000', '符合');
INSERT INTO `inventoryitem` VALUES ('339144162790080516', '339144162790080512', '339141982678941700', '符合');
INSERT INTO `inventoryitem` VALUES ('339144162790080517', '339144162790080512', '339141982683136002', '符合');
INSERT INTO `inventoryitem` VALUES ('339144162790080518', '339144162790080512', '339141982683136004', '符合');
INSERT INTO `inventoryitem` VALUES ('339144162790080519', '339144162790080512', '339141982683136008', '符合');
INSERT INTO `inventoryitem` VALUES ('339144162790080520', '339144162790080512', '339141982683136006', '符合');
INSERT INTO `inventoryitem` VALUES ('339144162790080521', '339144162790080512', '339141982683136010', '符合');
INSERT INTO `inventoryitem` VALUES ('339144162790080522', '339144162790080512', '339141982683136012', '符合');
INSERT INTO `inventoryitem` VALUES ('339144162790080523', '339144162790080512', '339141982683136016', '符合');
INSERT INTO `inventoryitem` VALUES ('339144162790080524', '339144162790080512', '339141982683136014', '符合');
INSERT INTO `inventoryitem` VALUES ('339144162790080525', '339144162790080512', '339142663448035328', '符合');
INSERT INTO `inventoryitem` VALUES ('339144162790080526', '339144162790080512', '339142663452229633', '符合');
INSERT INTO `inventoryitem` VALUES ('339144162790080527', '339144162790080512', '339142663452229637', '符合');
INSERT INTO `inventoryitem` VALUES ('339144162790080528', '339144162790080512', '339142663452229635', '符合');
INSERT INTO `inventoryitem` VALUES ('339144162790080529', '339144162790080512', '339142663452229639', '符合');
INSERT INTO `inventoryitem` VALUES ('339144162790080530', '339144162790080512', '339142663452229641', '符合');
INSERT INTO `inventoryitem` VALUES ('339144162790080531', '339144162790080512', '339142663452229645', '符合');
INSERT INTO `inventoryitem` VALUES ('339144162790080532', '339144162790080512', '339142663452229643', '符合');
INSERT INTO `inventoryitem` VALUES ('339144162790080533', '339144162790080512', '339142663452229647', '符合');
INSERT INTO `inventoryitem` VALUES ('339144162790080534', '339144162790080512', '339142663452229649', '符合');
INSERT INTO `inventoryitem` VALUES ('339144162790080535', '339144162790080512', '339142663452229653', '符合');
INSERT INTO `inventoryitem` VALUES ('339144162790080536', '339144162790080512', '339142663452229651', '符合');
INSERT INTO `inventoryitem` VALUES ('339151516394848257', '339151516394848256', '339144942536359936', '符合');
INSERT INTO `inventoryitem` VALUES ('339151516394848258', '339151516394848256', '339144942645411840', '符合');
INSERT INTO `inventoryitem` VALUES ('339151516394848259', '339151516394848256', '339144943027093504', '符合');
INSERT INTO `inventoryitem` VALUES ('339151516394848260', '339151516394848256', '339144942901264384', '符合');
INSERT INTO `inventoryitem` VALUES ('339151516394848261', '339151516394848256', '339144943098396672', '符合');
INSERT INTO `inventoryitem` VALUES ('339151516394848262', '339151516394848256', '339144943241003008', '符合');
INSERT INTO `inventoryitem` VALUES ('339151516394848263', '339151516394848256', '339144943446523904', '符合');
INSERT INTO `inventoryitem` VALUES ('339151516394848264', '339151516394848256', '339144943379415040', '符合');
INSERT INTO `inventoryitem` VALUES ('339151598901002241', '339151598901002240', '339142663448035328', '符合');
INSERT INTO `inventoryitem` VALUES ('339151598901002242', '339151598901002240', '339142663452229633', '符合');
INSERT INTO `inventoryitem` VALUES ('339151598901002243', '339151598901002240', '339142663452229637', '符合');
INSERT INTO `inventoryitem` VALUES ('339151598901002244', '339151598901002240', '339142663452229635', '符合');
INSERT INTO `inventoryitem` VALUES ('339151598901002245', '339151598901002240', '339142663452229639', '符合');
INSERT INTO `inventoryitem` VALUES ('339151598901002246', '339151598901002240', '339142663452229641', '符合');
INSERT INTO `inventoryitem` VALUES ('339151598901002247', '339151598901002240', '339142663452229645', '符合');
INSERT INTO `inventoryitem` VALUES ('339151598901002248', '339151598901002240', '339142663452229643', '符合');
INSERT INTO `inventoryitem` VALUES ('339151598901002249', '339151598901002240', '339142663452229647', '符合');
INSERT INTO `inventoryitem` VALUES ('339151598901002250', '339151598901002240', '339142663452229649', '符合');
INSERT INTO `inventoryitem` VALUES ('339151598905196544', '339151598901002240', '339142663452229653', '符合');
INSERT INTO `inventoryitem` VALUES ('339151598905196545', '339151598901002240', '339142663452229651', '符合');
INSERT INTO `inventoryitem` VALUES ('339151698473779201', '339151698473779200', '339141982678941696', '符合');
INSERT INTO `inventoryitem` VALUES ('339151698473779202', '339151698473779200', '339141982678941698', '符合');
INSERT INTO `inventoryitem` VALUES ('339151698473779203', '339151698473779200', '339141982683136000', '符合');
INSERT INTO `inventoryitem` VALUES ('339151698473779204', '339151698473779200', '339141982678941700', '符合');
INSERT INTO `inventoryitem` VALUES ('339151698473779205', '339151698473779200', '339141982683136002', '符合');
INSERT INTO `inventoryitem` VALUES ('339151698473779206', '339151698473779200', '339141982683136004', '符合');
INSERT INTO `inventoryitem` VALUES ('339151698473779207', '339151698473779200', '339141982683136008', '符合');
INSERT INTO `inventoryitem` VALUES ('339151698473779208', '339151698473779200', '339141982683136006', '符合');
INSERT INTO `inventoryitem` VALUES ('339151698473779209', '339151698473779200', '339141982683136010', '符合');
INSERT INTO `inventoryitem` VALUES ('339151698473779210', '339151698473779200', '339141982683136012', '符合');
INSERT INTO `inventoryitem` VALUES ('339151698473779211', '339151698473779200', '339141982683136016', '符合');
INSERT INTO `inventoryitem` VALUES ('339151698473779212', '339151698473779200', '339141982683136014', '符合');
INSERT INTO `inventoryitem` VALUES ('339152903715422208', '339152903711227904', '339141982678941696', '符合');
INSERT INTO `inventoryitem` VALUES ('339152903715422209', '339152903711227904', '339141982678941698', '符合');
INSERT INTO `inventoryitem` VALUES ('339152903715422210', '339152903711227904', '339141982683136000', '符合');
INSERT INTO `inventoryitem` VALUES ('339152903715422211', '339152903711227904', '339141982678941700', '符合');
INSERT INTO `inventoryitem` VALUES ('339152903715422212', '339152903711227904', '339141982683136002', '符合');
INSERT INTO `inventoryitem` VALUES ('339152903715422213', '339152903711227904', '339141982683136004', '符合');
INSERT INTO `inventoryitem` VALUES ('339152903715422214', '339152903711227904', '339141982683136008', '符合');
INSERT INTO `inventoryitem` VALUES ('339152903715422215', '339152903711227904', '339141982683136006', '符合');
INSERT INTO `inventoryitem` VALUES ('339152903715422216', '339152903711227904', '339141982683136010', '符合');
INSERT INTO `inventoryitem` VALUES ('339152903715422217', '339152903711227904', '339141982683136012', '符合');
INSERT INTO `inventoryitem` VALUES ('339152903715422218', '339152903711227904', '339141982683136016', '符合');
INSERT INTO `inventoryitem` VALUES ('339152903715422219', '339152903711227904', '339141982683136014', '符合');
INSERT INTO `inventoryitem` VALUES ('339152903715422220', '339152903711227904', '339142663448035328', '符合');
INSERT INTO `inventoryitem` VALUES ('339152903715422221', '339152903711227904', '339142663452229633', '符合');
INSERT INTO `inventoryitem` VALUES ('339152903715422222', '339152903711227904', '339142663452229637', '符合');
INSERT INTO `inventoryitem` VALUES ('339152903715422223', '339152903711227904', '339142663452229635', '符合');
INSERT INTO `inventoryitem` VALUES ('339152903715422224', '339152903711227904', '339142663452229639', '符合');
INSERT INTO `inventoryitem` VALUES ('339152903715422225', '339152903711227904', '339142663452229641', '符合');
INSERT INTO `inventoryitem` VALUES ('339152903715422226', '339152903711227904', '339142663452229645', '符合');
INSERT INTO `inventoryitem` VALUES ('339152903715422227', '339152903711227904', '339142663452229643', '符合');
INSERT INTO `inventoryitem` VALUES ('339152903715422228', '339152903711227904', '339142663452229647', '符合');
INSERT INTO `inventoryitem` VALUES ('339152903715422229', '339152903711227904', '339142663452229649', '符合');
INSERT INTO `inventoryitem` VALUES ('339152903715422230', '339152903711227904', '339142663452229653', '符合');
INSERT INTO `inventoryitem` VALUES ('339152903715422231', '339152903711227904', '339142663452229651', '符合');
INSERT INTO `inventoryitem` VALUES ('339152903715422232', '339152903711227904', '339144942536359936', '符合');
INSERT INTO `inventoryitem` VALUES ('339152903715422233', '339152903711227904', '339144942645411840', '符合');
INSERT INTO `inventoryitem` VALUES ('339152903715422234', '339152903711227904', '339144943027093504', '符合');
INSERT INTO `inventoryitem` VALUES ('339152903715422235', '339152903711227904', '339144942901264384', '符合');
INSERT INTO `inventoryitem` VALUES ('339152903715422236', '339152903711227904', '339144943098396672', '符合');
INSERT INTO `inventoryitem` VALUES ('339152903715422237', '339152903711227904', '339144943241003008', '符合');
INSERT INTO `inventoryitem` VALUES ('339152903715422238', '339152903711227904', '339144943446523904', '符合');
INSERT INTO `inventoryitem` VALUES ('339152903715422239', '339152903711227904', '339144943379415040', '符合');

-- ----------------------------
-- Table structure for location
-- ----------------------------
DROP TABLE IF EXISTS `location`;
CREATE TABLE `location` (
  `id` varchar(64) NOT NULL,
  `locInfo` varchar(100) NOT NULL COMMENT '位置信息',
  `departmentID` varchar(64) DEFAULT NULL COMMENT '部门id',
  `creat_time` varchar(64) NOT NULL COMMENT '创建时间',
  `info` varchar(100) DEFAULT NULL COMMENT '备注',
  PRIMARY KEY (`id`)
) ENGINE=InnoDB DEFAULT CHARSET=utf8 COMMENT='位置信息';

-- ----------------------------
-- Records of location
-- ----------------------------
INSERT INTO `location` VALUES ('339132972294733824', '公安部监控大厅', 'f04c7', '2017-07-24 19:53:21', '公安部监控数据展示大厅');
INSERT INTO `location` VALUES ('339133170035195904', '公安部备件库', 'f04c7', '2017-07-24 19:54:08', '公安部设备存储库');
INSERT INTO `location` VALUES ('339133333424308224', '天津市公安部监控大厅', 'a770b', '2017-07-24 19:54:47', '天津市公安部监控大厅数据展示中心');
INSERT INTO `location` VALUES ('339133480174616576', '天津市公安部备件库', 'a770b', '2017-07-24 19:55:22', '天津市公安部设备存储中心');

-- ----------------------------
-- Table structure for log
-- ----------------------------
DROP TABLE IF EXISTS `log`;
CREATE TABLE `log` (
  `id` varchar(64) NOT NULL,
  `sysUser_id` varchar(64) NOT NULL COMMENT '用户id',
  `role_id` varchar(64) NOT NULL COMMENT '角色id',
  `menu` varchar(64) NOT NULL COMMENT '功能模块id',
  `operation_type` varchar(64) NOT NULL COMMENT '操作类型',
  `info` varchar(256) NOT NULL COMMENT '描述',
  `create_time` varchar(64) DEFAULT NULL,
  `update_time` varchar(64) DEFAULT NULL,
  `status` varchar(64) DEFAULT NULL,
  PRIMARY KEY (`id`)
) ENGINE=InnoDB DEFAULT CHARSET=utf8 COMMENT='日志';

-- ----------------------------
-- Records of log
-- ----------------------------

-- ----------------------------
-- Table structure for menu
-- ----------------------------
DROP TABLE IF EXISTS `menu`;
CREATE TABLE `menu` (
  `id` varchar(64) NOT NULL,
  `pid` varchar(64) DEFAULT NULL COMMENT '上级列表',
  `sort` varchar(64) DEFAULT NULL COMMENT '顺序号',
  `name` varchar(64) DEFAULT NULL COMMENT '功能名称',
  `url` varchar(64) DEFAULT NULL COMMENT '路径',
  `icon` varchar(64) DEFAULT NULL COMMENT '图标',
  `isShow` varchar(64) DEFAULT NULL COMMENT '是否显示',
  `create_time` varchar(64) DEFAULT NULL,
  `update_time` varchar(64) DEFAULT NULL,
  `status` varchar(64) DEFAULT NULL,
  `info` varchar(64) DEFAULT NULL COMMENT '备注',
  PRIMARY KEY (`id`)
) ENGINE=InnoDB DEFAULT CHARSET=utf8 COMMENT='功能模块';

-- ----------------------------
-- Records of menu
-- ----------------------------
INSERT INTO `menu` VALUES ('1', '0', '1', '首页', '/src/supervisory/analyze.jsp', '/img/menu/main.png', '1', null, null, null, null);
INSERT INTO `menu` VALUES ('10', '9', '13', '人员信息维护', '/src/basicData/user.jsp', '/img/menu/ryxxwh.png', '1', null, null, null, null);
INSERT INTO `menu` VALUES ('11', '9', '12', '设备信息维护', '/src/basicData/sysEquipment.jsp', '/img/menu/sbxxwh.png', '1', null, null, null, null);
INSERT INTO `menu` VALUES ('12', '9', '10', '组织机构维护', '/src/basicData/department.jsp', '/img/menu/zzjgwh.png', '1', null, null, null, null);
INSERT INTO `menu` VALUES ('13', '9', '16', '角色信息维护', '/src/basicData/role.jsp', '/img/menu/jsxxwh.png', '0', null, null, null, null);
INSERT INTO `menu` VALUES ('14', '9', '15', '密级信息维护', '', '', '0', null, null, null, null);
INSERT INTO `menu` VALUES ('15', '9', '14', '系统信息维护', '/src/basicData/application.jsp', '/img/menu/jcsj.png', '1', null, null, null, null);
INSERT INTO `menu` VALUES ('16', '9', '11', '位置信息维护', '/src/basicData/location.jsp', '/img/menu/jcsj.png', '1', null, null, null, null);
INSERT INTO `menu` VALUES ('17', '0', '17', '数据同步', '/src/basicData/user.jsp', '/img/menu/jcsj.png', '0', null, null, null, null);
INSERT INTO `menu` VALUES ('18', '7', '18', '在柜信息', '/src/supervisory/incap.jsp', '/img/menu/jkjl.png', '1', null, null, null, null);
INSERT INTO `menu` VALUES ('19', '7', '19', '使用记录', '/src/supervisory/userecord.jsp', '/img/menu/jkjl.png', '1', null, null, null, null);
INSERT INTO `menu` VALUES ('2', '0', '2', '密品信息', '/src/business/product.jsp', '/img/menu/mpxx.png', '1', null, null, null, null);
INSERT INTO `menu` VALUES ('20', '7', '20', '出入记录', '/src/supervisory/inout.jsp', '/img/menu/jkjl.png', '1', null, null, null, null);
INSERT INTO `menu` VALUES ('3', '0', '3', '密品清点', '/src/business/inventory.jsp', '/img/menu/mpqd.png', '1', null, null, null, null);
INSERT INTO `menu` VALUES ('4', '0', '4', '密品清退', '/src/business/returnObject.jsp', '/img/menu/mpqt.png', '1', null, null, null, null);
INSERT INTO `menu` VALUES ('5', '0', '5', '密品入库', '/src/business/checkIn.jsp', '/img/menu/mprk.png', '1', null, null, null, null);
INSERT INTO `menu` VALUES ('6', '0', '6', '密品出库', '/src/business/checkOut.jsp', '/img/menu/mpqt.png', '1', null, null, null, null);
INSERT INTO `menu` VALUES ('7', '0', '7', '监控记录', '', '/img/menu/jkjl.png', '1', null, null, null, null);
INSERT INTO `menu` VALUES ('8', '0', '8', '统计分析', '/src/supervisory/analyze.jsp', '/img/menu/tjfx.png', '0', null, null, null, null);
INSERT INTO `menu` VALUES ('9', '0', '9', '基础数据', '', '/img/menu/jcsj.png', '1', null, null, null, null);

-- ----------------------------
-- Table structure for notifyfield
-- ----------------------------
DROP TABLE IF EXISTS `notifyfield`;
CREATE TABLE `notifyfield` (
  `id` varchar(64) COLLATE utf8_bin NOT NULL,
  `fieldName` varchar(255) COLLATE utf8_bin DEFAULT NULL,
  `business` varchar(255) COLLATE utf8_bin NOT NULL,
  `createDate` varchar(255) COLLATE utf8_bin DEFAULT NULL,
  PRIMARY KEY (`id`,`business`)
) ENGINE=InnoDB DEFAULT CHARSET=utf8 COLLATE=utf8_bin;

-- ----------------------------
-- Records of notifyfield
-- ----------------------------
INSERT INTO `notifyfield` VALUES ('1', '通知', '1', '20170725 11:09:08');
INSERT INTO `notifyfield` VALUES ('2', '警告', '2', '20170725 11:09:08');

-- ----------------------------
-- Table structure for notifymessage
-- ----------------------------
DROP TABLE IF EXISTS `notifymessage`;
CREATE TABLE `notifymessage` (
  `id` varchar(64) COLLATE utf8_bin NOT NULL,
  `message` varchar(255) COLLATE utf8_bin DEFAULT NULL,
  `fieldId` varchar(64) CHARACTER SET utf8 DEFAULT NULL,
  `userId` varchar(64) CHARACTER SET utf8 DEFAULT NULL,
  `isRead` varchar(255) COLLATE utf8_bin DEFAULT NULL,
  `createDate` varchar(255) CHARACTER SET utf8 DEFAULT NULL,
  `readTime` varchar(255) CHARACTER SET utf8 DEFAULT NULL,
  PRIMARY KEY (`id`)
) ENGINE=InnoDB DEFAULT CHARSET=utf8 COLLATE=utf8_bin;

-- ----------------------------
-- Records of notifymessage
-- ----------------------------
INSERT INTO `notifymessage` VALUES ('339723937745207296', '你好，请点击', '1', '339057784593055744', 'true', '2017-07-26 11:01:38', null);
INSERT INTO `notifymessage` VALUES ('339724226896330752', '你好，请点击', '1', '339057784593055744', 'false', '2017-07-26 11:02:47', null);
INSERT INTO `notifymessage` VALUES ('339724350577967104', '你好，请点击', '1', '339057784593055744', 'true', '2017-07-26 11:03:16', null);
INSERT INTO `notifymessage` VALUES ('339727918718517248', '你好，请点击', '1', '339057784593055744', 'true', '2017-07-26 11:17:27', null);
INSERT INTO `notifymessage` VALUES ('339727974133661696', '你好，请点击', '1', '339057784593055744', 'true', '2017-07-26 11:17:40', null);
INSERT INTO `notifymessage` VALUES ('339731975113801728', '你好，请点击', '1', '339057784593055744', 'true', '2017-07-26 11:33:34', null);
INSERT INTO `notifymessage` VALUES ('339732433328930816', '你好，请点击', '1', '339057784593055744', 'true', '2017-07-26 11:35:24', null);
INSERT INTO `notifymessage` VALUES ('339735421166551040', '你好，请点击', '1', '339057784593055744', 'true', '2017-07-26 11:47:16', null);
INSERT INTO `notifymessage` VALUES ('339735708530900992', '你好，请点击', '1', '339057784593055744', 'true', '2017-07-26 11:48:24', null);
INSERT INTO `notifymessage` VALUES ('339736013817511936', '你好，请点击', '1', '339057784593055744', 'true', '2017-07-26 11:49:37', null);
INSERT INTO `notifymessage` VALUES ('339736292617093120', '你好，请点击', '1', '339057784593055744', 'true', '2017-07-26 11:50:44', null);
INSERT INTO `notifymessage` VALUES ('339736601380782080', '你好，请点击', '1', '339057784593055744', 'true', '2017-07-26 11:51:57', null);
INSERT INTO `notifymessage` VALUES ('341506430567710720', '你好，请点击', '1', 'e2f3089254664f5f89', 'true', '2017-07-31 09:04:37', null);
INSERT INTO `notifymessage` VALUES ('341506627830022144', '你好，请点击', '1', 'e2f3089254664f5f89', 'true', '2017-07-31 09:05:24', null);
INSERT INTO `notifymessage` VALUES ('341506693290524672', '你好，请点击', '1', 'e2f3089254664f5f89', 'false', '2017-07-31 09:05:40', null);
INSERT INTO `notifymessage` VALUES ('341506734503755776', '你好，请点击', '1', 'e2f3089254664f5f89', 'true', '2017-07-31 09:05:50', null);
INSERT INTO `notifymessage` VALUES ('341507290454556672', '你好，请点击', '1', 'e2f3089254664f5f89', 'true', '2017-07-31 09:08:02', null);
INSERT INTO `notifymessage` VALUES ('341509843560955904', '你好，请点击', '1', 'e2f3089254664f5f89', 'true', '2017-07-31 09:18:11', null);
INSERT INTO `notifymessage` VALUES ('341513027121577984', '你好，请点击', '1', 'e2f3089254664f5f89', 'true', '2017-07-31 09:30:50', null);
INSERT INTO `notifymessage` VALUES ('341533934762328064', 'null-2017-07-26 17:05:56/r/nff-取出：0存入：2', '1', '1c7e1de21f554a06a3', 'false', '2017-07-31 10:53:55', null);
INSERT INTO `notifymessage` VALUES ('341533934921711616', 'null-2017-07-26 17:05:56/r/nff-取出：0存入：2', '1', 'e2f3089254664f5f89', 'true', '2017-07-31 10:53:55', null);
INSERT INTO `notifymessage` VALUES ('341534100932263936', 'null-2017-07-26 17:05:56/r/nff-取出：0存入：2', '1', '1c7e1de21f554a06a3', 'false', '2017-07-31 10:54:35', null);
INSERT INTO `notifymessage` VALUES ('341534101049704448', 'null-2017-07-26 17:05:56/r/nff-取出：0存入：2', '1', 'e2f3089254664f5f89', 'true', '2017-07-31 10:54:35', null);
INSERT INTO `notifymessage` VALUES ('341534288321183744', 'null-2017-07-26 17:05:56<br/>ff-取出：0存入：2', '1', '1c7e1de21f554a06a3', 'false', '2017-07-31 10:55:19', null);
INSERT INTO `notifymessage` VALUES ('341534288455401472', 'null-2017-07-26 17:05:56<br/>ff-取出：0存入：2', '1', 'e2f3089254664f5f89', 'true', '2017-07-31 10:55:19', null);
INSERT INTO `notifymessage` VALUES ('341534327022026752', 'null-2017-07-26 17:05:56<br/>ff-取出：0存入：2', '1', '1c7e1de21f554a06a3', 'false', '2017-07-31 10:55:28', null);
INSERT INTO `notifymessage` VALUES ('341534327118495744', 'null-2017-07-26 17:05:56<br/>ff-取出：0存入：2', '1', 'e2f3089254664f5f89', 'true', '2017-07-31 10:55:28', null);
INSERT INTO `notifymessage` VALUES ('341536258511601664', '智能载体柜null-2017-07-26 17:05:56<br/>ff-取出：0存入：2', '1', '1c7e1de21f554a06a3', 'false', '2017-07-31 11:03:09', null);
INSERT INTO `notifymessage` VALUES ('341536258566127616', '智能载体柜null-2017-07-26 17:05:56<br/>ff-取出：0存入：2', '1', 'e2f3089254664f5f89', 'true', '2017-07-31 11:03:09', null);
INSERT INTO `notifymessage` VALUES ('341536573055041536', '智能载体柜-2017-07-26 17:05:56<br/>ff-取出：0存入：2', '1', '1c7e1de21f554a06a3', 'false', '2017-07-31 11:04:24', null);
INSERT INTO `notifymessage` VALUES ('341536573138927616', '智能载体柜-2017-07-26 17:05:56<br/>ff-取出：0存入：2', '1', 'e2f3089254664f5f89', 'true', '2017-07-31 11:04:24', null);
INSERT INTO `notifymessage` VALUES ('341536742764969984', '智能载体柜-2017-07-26 17:05:56<br/>ff-取出：0   存入：2', '1', '1c7e1de21f554a06a3', 'false', '2017-07-31 11:05:04', null);
INSERT INTO `notifymessage` VALUES ('341536743343783936', '智能载体柜-2017-07-26 17:05:56<br/>ff-取出：0   存入：2', '1', 'e2f3089254664f5f89', 'true', '2017-07-31 11:05:05', null);
INSERT INTO `notifymessage` VALUES ('341537213256826880', '智能载体柜-2017-07-26 17:05:56<br/>ff-取出：0   存入：2', '1', '1c7e1de21f554a06a3', 'false', '2017-07-31 11:06:57', null);
INSERT INTO `notifymessage` VALUES ('341537213349101568', '智能载体柜-2017-07-26 17:05:56<br/>ff-取出：0   存入：2', '1', 'e2f3089254664f5f89', 'true', '2017-07-31 11:06:57', null);
INSERT INTO `notifymessage` VALUES ('341537494094839808', '智能载体柜-2017-07-26 17:05:56<br/>ff-取出：0   存入：2', '1', '1c7e1de21f554a06a3', 'false', '2017-07-31 11:08:04', null);
INSERT INTO `notifymessage` VALUES ('341537494451355648', '智能载体柜-2017-07-26 17:05:56<br/>ff-取出：0   存入：2', '1', 'e2f3089254664f5f89', 'true', '2017-07-31 11:08:04', null);
INSERT INTO `notifymessage` VALUES ('341537553612013568', '智能载体柜-2017-07-26 17:05:56<br/>ff-取出：0   存入：2', '1', '1c7e1de21f554a06a3', 'false', '2017-07-31 11:08:18', null);
INSERT INTO `notifymessage` VALUES ('341537553708482560', '智能载体柜-2017-07-26 17:05:56<br/>ff-取出：0   存入：2', '1', 'e2f3089254664f5f89', 'true', '2017-07-31 11:08:18', null);
INSERT INTO `notifymessage` VALUES ('341537582447853568', '智能载体柜-2017-07-26 17:05:56<br/>ff-取出：0   存入：2', '1', '1c7e1de21f554a06a3', 'false', '2017-07-31 11:08:25', null);
INSERT INTO `notifymessage` VALUES ('341537582493990912', '智能载体柜-2017-07-26 17:05:56<br/>ff-取出：0   存入：2', '1', 'e2f3089254664f5f89', 'true', '2017-07-31 11:08:25', null);
INSERT INTO `notifymessage` VALUES ('341537739180605440', '智能载体柜-2017-07-26 17:05:56<br/>ff-取出：0   存入：2', '1', '1c7e1de21f554a06a3', 'false', '2017-07-31 11:09:02', null);
INSERT INTO `notifymessage` VALUES ('341537739331600384', '智能载体柜-2017-07-26 17:05:56<br/>ff-取出：0   存入：2', '1', 'e2f3089254664f5f89', 'true', '2017-07-31 11:09:02', null);
INSERT INTO `notifymessage` VALUES ('341537775478112256', '智能载体柜-2017-07-26 17:05:56<br/>ff-取出：0   存入：2', '1', '1c7e1de21f554a06a3', 'false', '2017-07-31 11:09:11', null);
INSERT INTO `notifymessage` VALUES ('341537775545221120', '智能载体柜-2017-07-26 17:05:56<br/>ff-取出：0   存入：2', '1', 'e2f3089254664f5f89', 'true', '2017-07-31 11:09:11', null);
INSERT INTO `notifymessage` VALUES ('341537807560343552', '智能载体柜-2017-07-26 17:05:56<br/>ff-取出：0   存入：2', '1', '1c7e1de21f554a06a3', 'false', '2017-07-31 11:09:18', null);
INSERT INTO `notifymessage` VALUES ('341537807698755584', '智能载体柜-2017-07-26 17:05:56<br/>ff-取出：0   存入：2', '1', 'e2f3089254664f5f89', 'true', '2017-07-31 11:09:18', null);
INSERT INTO `notifymessage` VALUES ('341537961352888320', '智能载体柜A001-2017-07-26 17:05:56<br/>ff-取出：0   存入：2', '1', '1c7e1de21f554a06a3', 'false', '2017-07-31 11:09:55', null);
INSERT INTO `notifymessage` VALUES ('341537961449357312', '智能载体柜A001-2017-07-26 17:05:56<br/>ff-取出：0   存入：2', '1', 'e2f3089254664f5f89', 'true', '2017-07-31 11:09:55', null);
INSERT INTO `notifymessage` VALUES ('341538093888700416', '智能载体柜A001-2017-07-26 17:05:56<br/>ff-取出：0   存入：2', '1', '1c7e1de21f554a06a3', 'false', '2017-07-31 11:10:27', null);
INSERT INTO `notifymessage` VALUES ('341538093955809280', '智能载体柜A001-2017-07-26 17:05:56<br/>ff-取出：0   存入：2', '1', 'e2f3089254664f5f89', 'true', '2017-07-31 11:10:27', null);
INSERT INTO `notifymessage` VALUES ('341538354917015552', '智能载体柜A001-2017-07-26 17:05:56<br/>ff-取出：0   存入：2', '1', '1c7e1de21f554a06a3', 'false', '2017-07-31 11:11:29', null);
INSERT INTO `notifymessage` VALUES ('341538355042844672', '智能载体柜A001-2017-07-26 17:05:56<br/>ff-取出：0   存入：2', '1', 'e2f3089254664f5f89', 'true', '2017-07-31 11:11:29', null);
INSERT INTO `notifymessage` VALUES ('341538477302611968', '2017-07-26 17:05:56<br/>智能载体柜A001<br/>ff-取出：0   存入：2', '1', '1c7e1de21f554a06a3', 'false', '2017-07-31 11:11:58', null);
INSERT INTO `notifymessage` VALUES ('341538477361332224', '2017-07-26 17:05:56<br/>智能载体柜A001<br/>ff-取出：0   存入：2', '1', 'e2f3089254664f5f89', 'true', '2017-07-31 11:11:58', null);
INSERT INTO `notifymessage` VALUES ('341538559905234944', '2017-07-26 17:05:56<br/>智能载体柜A001<br/>ff-取出：0   存入：2', '1', '1c7e1de21f554a06a3', 'false', '2017-07-31 11:12:18', null);
INSERT INTO `notifymessage` VALUES ('341538560001703936', '2017-07-26 17:05:56<br/>智能载体柜A001<br/>ff-取出：0   存入：2', '1', 'e2f3089254664f5f89', 'true', '2017-07-31 11:12:18', null);
INSERT INTO `notifymessage` VALUES ('341539476381630464', '<table><tr><td>2017-07-26 17:05:56</td><td>ff</td><td>取出：0   存入：2</td></table>', '1', '1c7e1de21f554a06a3', 'false', '2017-07-31 11:15:56', null);
INSERT INTO `notifymessage` VALUES ('341539476461322240', '<table><tr><td>2017-07-26 17:05:56</td><td>ff</td><td>取出：0   存入：2</td></table>', '1', 'e2f3089254664f5f89', 'true', '2017-07-31 11:15:56', null);
INSERT INTO `notifymessage` VALUES ('341539920730390528', '<table><tr><td>2017-07-26 17:05:56</td></tr><tr><td>ff</td></tr><tr><td>取出：0   存入：2</td></tr></table>', '1', '1c7e1de21f554a06a3', 'false', '2017-07-31 11:17:42', null);
INSERT INTO `notifymessage` VALUES ('341539920793305088', '<table><tr><td>2017-07-26 17:05:56</td></tr><tr><td>ff</td></tr><tr><td>取出：0   存入：2</td></tr></table>', '1', 'e2f3089254664f5f89', 'true', '2017-07-31 11:17:42', null);
INSERT INTO `notifymessage` VALUES ('341541644434145280', '<table><tr><td>2017-07-26 17:05:56</td></tr><tr><td>ff</td></tr><tr><td>取出：0   存入：2</td></tr></table>', '1', '1c7e1de21f554a06a3', 'false', '2017-07-31 11:24:33', null);
INSERT INTO `notifymessage` VALUES ('341541644513837056', '<table><tr><td>2017-07-26 17:05:56</td></tr><tr><td>ff</td></tr><tr><td>取出：0   存入：2</td></tr></table>', '1', 'e2f3089254664f5f89', 'true', '2017-07-31 11:24:33', null);
INSERT INTO `notifymessage` VALUES ('341541774470152192', '<table style=\'height: 90px;font-family: \'微软雅黑\';\'><tr><td>2017-07-26 17:05:56</td></tr><tr><td>ff</td></tr><tr><td>取出：0   存入：2</td></tr></table>', '1', '1c7e1de21f554a06a3', 'false', '2017-07-31 11:25:04', null);
INSERT INTO `notifymessage` VALUES ('341541774520483840', '<table style=\'height: 90px;font-family: \'微软雅黑\';\'><tr><td>2017-07-26 17:05:56</td></tr><tr><td>ff</td></tr><tr><td>取出：0   存入：2</td></tr></table>', '1', 'e2f3089254664f5f89', 'true', '2017-07-31 11:25:04', null);
INSERT INTO `notifymessage` VALUES ('341541862781222912', '<table style=\'height: 90px;font-family: \'微软雅黑\';\'><tr><td>2017-07-26 17:05:56</td></tr><tr><td>ff</td></tr><tr><td>取出：0   存入：2</td></tr></table>', '1', '1c7e1de21f554a06a3', 'false', '2017-07-31 11:25:25', null);
INSERT INTO `notifymessage` VALUES ('341541862995132416', '<table style=\'height: 90px;font-family: \'微软雅黑\';\'><tr><td>2017-07-26 17:05:56</td></tr><tr><td>ff</td></tr><tr><td>取出：0   存入：2</td></tr></table>', '1', 'e2f3089254664f5f89', 'true', '2017-07-31 11:25:25', null);
INSERT INTO `notifymessage` VALUES ('341542027650924544', '<table style=\'height: 90px;font-family: \'微软雅黑\';\'><tr><td>2017-07-26 17:05:56</td></tr><tr><td>ff</td></tr><tr><td>取出：0   存入：2</td></tr></table>', '1', '1c7e1de21f554a06a3', 'false', '2017-07-31 11:26:04', null);
INSERT INTO `notifymessage` VALUES ('341542027793530880', '<table style=\'height: 90px;font-family: \'微软雅黑\';\'><tr><td>2017-07-26 17:05:56</td></tr><tr><td>ff</td></tr><tr><td>取出：0   存入：2</td></tr></table>', '1', 'e2f3089254664f5f89', 'true', '2017-07-31 11:26:04', null);
INSERT INTO `notifymessage` VALUES ('341542112979845120', '<table style=\'height: 90px;font-family: \'微软雅黑\';\'><tr><td>2017-07-26 17:05:56</td></tr><tr><td>ff</td></tr><tr><td>取出：0   存入：2</td></tr></table>', '1', '1c7e1de21f554a06a3', 'false', '2017-07-31 11:26:25', null);
INSERT INTO `notifymessage` VALUES ('341542113072119808', '<table style=\'height: 90px;font-family: \'微软雅黑\';\'><tr><td>2017-07-26 17:05:56</td></tr><tr><td>ff</td></tr><tr><td>取出：0   存入：2</td></tr></table>', '1', 'e2f3089254664f5f89', 'true', '2017-07-31 11:26:25', null);
INSERT INTO `notifymessage` VALUES ('341542317821263872', '<table style=\'height: 90px;font-family: \'微软雅黑\';\'><tr><td>2017-07-26 17:05:56</td></tr><tr><td>ff</td></tr><tr><td>取出：0   存入：2</td></tr></table>', '1', '1c7e1de21f554a06a3', 'false', '2017-07-31 11:27:14', null);
INSERT INTO `notifymessage` VALUES ('341542317888372736', '<table style=\'height: 90px;font-family: \'微软雅黑\';\'><tr><td>2017-07-26 17:05:56</td></tr><tr><td>ff</td></tr><tr><td>取出：0   存入：2</td></tr></table>', '1', 'e2f3089254664f5f89', 'true', '2017-07-31 11:27:14', null);
INSERT INTO `notifymessage` VALUES ('341542449925062656', '<table style=\'height: 90px;font-family: \'微软雅黑\';color: white\'><tr><td>2017-07-26 17:05:56</td></tr><tr><td>ff</td></tr><tr><td>取出：0   存入：2</td></tr></table>', '1', '1c7e1de21f554a06a3', 'false', '2017-07-31 11:27:45', null);
INSERT INTO `notifymessage` VALUES ('341542450008948736', '<table style=\'height: 90px;font-family: \'微软雅黑\';color: white\'><tr><td>2017-07-26 17:05:56</td></tr><tr><td>ff</td></tr><tr><td>取出：0   存入：2</td></tr></table>', '1', 'e2f3089254664f5f89', 'true', '2017-07-31 11:27:45', null);
INSERT INTO `notifymessage` VALUES ('341542842893598720', '<table style=\'height: 90px;font-family: \'微软雅黑\';color: white;\'><tr><td>2017-07-26 17:05:56</td></tr><tr><td>ff</td></tr><tr><td>取出：0   存入：2</td></tr></table>', '1', '1c7e1de21f554a06a3', 'false', '2017-07-31 11:29:19', null);
INSERT INTO `notifymessage` VALUES ('341542843015233536', '<table style=\'height: 90px;font-family: \'微软雅黑\';color: white;\'><tr><td>2017-07-26 17:05:56</td></tr><tr><td>ff</td></tr><tr><td>取出：0   存入：2</td></tr></table>', '1', 'e2f3089254664f5f89', 'true', '2017-07-31 11:29:19', null);
INSERT INTO `notifymessage` VALUES ('341543702449094656', '<table style=\'height: 90px;font-family: \'微软雅黑\';color: white;\'><tr><td>2017-07-26 17:05:56</td></tr><tr><td>ff</td></tr><tr><td>取出：0   存入：2</td></tr></table>', '1', '1c7e1de21f554a06a3', 'false', '2017-07-31 11:32:44', null);
INSERT INTO `notifymessage` VALUES ('341543702532980736', '<table style=\'height: 90px;font-family: \'微软雅黑\';color: white;\'><tr><td>2017-07-26 17:05:56</td></tr><tr><td>ff</td></tr><tr><td>取出：0   存入：2</td></tr></table>', '1', 'e2f3089254664f5f89', 'true', '2017-07-31 11:32:44', null);
INSERT INTO `notifymessage` VALUES ('341544634217922560', '<table style=\'height: 90px;font-family: \'微软雅黑\';color: white;\'><tr><td>2017-07-26 17:05:56</td></tr><tr><td>ff</td></tr><tr><td>取出：0   存入：2</td></tr></table>', '1', '1c7e1de21f554a06a3', 'false', '2017-07-31 11:36:26', null);
INSERT INTO `notifymessage` VALUES ('341544634255671296', '<table style=\'height: 90px;font-family: \'微软雅黑\';color: white;\'><tr><td>2017-07-26 17:05:56</td></tr><tr><td>ff</td></tr><tr><td>取出：0   存入：2</td></tr></table>', '1', 'e2f3089254664f5f89', 'true', '2017-07-31 11:36:26', null);
INSERT INTO `notifymessage` VALUES ('341617179688435712', '<table style=\'height: 90px;font-family: \'微软雅黑\';color: white;\'><tr><td>2017-07-27 15:45:50</td></tr><tr><td>chechunli</td></tr><tr><td>取出：0   存入：68</td></tr></table>', '1', 'e2f3089254664f5f89', 'false', '2017-07-31 16:24:42', null);
INSERT INTO `notifymessage` VALUES ('341617179742961664', '<table style=\'height: 90px;font-family: \'微软雅黑\';color: white;\'><tr><td>2017-07-27 15:45:50</td></tr><tr><td>chechunli</td></tr><tr><td>取出：0   存入：68</td></tr></table>', '1', '1c7e1de21f554a06a3', 'false', '2017-07-31 16:24:42', null);
INSERT INTO `notifymessage` VALUES ('341617179826847744', '<table style=\'height: 90px;font-family: \'微软雅黑\';color: white;\'><tr><td>2017-07-27 15:45:50</td></tr><tr><td>chechunli</td></tr><tr><td>取出：0   存入：68</td></tr></table>', '1', '9a9a22820d5641dfaf', 'true', '2017-07-31 16:24:42', null);
INSERT INTO `notifymessage` VALUES ('341617180447604736', '<table style=\'height: 90px;font-family: \'微软雅黑\';color: white;\'><tr><td>2017-07-27 15:46:11</td></tr><tr><td>chechunli</td></tr><tr><td>取出：0   存入：5</td></tr></table>', '1', 'e2f3089254664f5f89', 'false', '2017-07-31 16:24:42', null);
INSERT INTO `notifymessage` VALUES ('341617180510519296', '<table style=\'height: 90px;font-family: \'微软雅黑\';color: white;\'><tr><td>2017-07-27 15:46:11</td></tr><tr><td>chechunli</td></tr><tr><td>取出：0   存入：5</td></tr></table>', '1', '1c7e1de21f554a06a3', 'false', '2017-07-31 16:24:42', null);
INSERT INTO `notifymessage` VALUES ('341617180598599680', '<table style=\'height: 90px;font-family: \'微软雅黑\';color: white;\'><tr><td>2017-07-27 15:46:11</td></tr><tr><td>chechunli</td></tr><tr><td>取出：0   存入：5</td></tr></table>', '1', '9a9a22820d5641dfaf', 'true', '2017-07-31 16:24:42', null);
INSERT INTO `notifymessage` VALUES ('341617181852696576', '<table style=\'height: 90px;font-family: \'微软雅黑\';color: white;\'><tr><td>2017-07-27 16:33:38</td></tr><tr><td>cs</td></tr><tr><td>取出：0   存入：69</td></tr></table>', '1', 'e2f3089254664f5f89', 'false', '2017-07-31 16:24:43', null);
INSERT INTO `notifymessage` VALUES ('341617181978525696', '<table style=\'height: 90px;font-family: \'微软雅黑\';color: white;\'><tr><td>2017-07-27 16:33:38</td></tr><tr><td>cs</td></tr><tr><td>取出：0   存入：69</td></tr></table>', '1', '1c7e1de21f554a06a3', 'false', '2017-07-31 16:24:43', null);
INSERT INTO `notifymessage` VALUES ('341617182221795328', '<table style=\'height: 90px;font-family: \'微软雅黑\';color: white;\'><tr><td>2017-07-27 16:33:38</td></tr><tr><td>cs</td></tr><tr><td>取出：0   存入：69</td></tr></table>', '1', '9a9a22820d5641dfaf', 'true', '2017-07-31 16:24:43', null);
INSERT INTO `notifymessage` VALUES ('341617183601721344', '<table style=\'height: 90px;font-family: \'微软雅黑\';color: white;\'><tr><td>2017-07-27 16:34:20</td></tr><tr><td>cs</td></tr><tr><td>取出：0   存入：66</td></tr></table>', '1', 'e2f3089254664f5f89', 'false', '2017-07-31 16:24:43', null);
INSERT INTO `notifymessage` VALUES ('341617183735939072', '<table style=\'height: 90px;font-family: \'微软雅黑\';color: white;\'><tr><td>2017-07-27 16:34:20</td></tr><tr><td>cs</td></tr><tr><td>取出：0   存入：66</td></tr></table>', '1', '1c7e1de21f554a06a3', 'false', '2017-07-31 16:24:43', null);
INSERT INTO `notifymessage` VALUES ('341617183815630848', '<table style=\'height: 90px;font-family: \'微软雅黑\';color: white;\'><tr><td>2017-07-27 16:34:20</td></tr><tr><td>cs</td></tr><tr><td>取出：0   存入：66</td></tr></table>', '1', '9a9a22820d5641dfaf', 'true', '2017-07-31 16:24:43', null);
INSERT INTO `notifymessage` VALUES ('341617184595771392', '<table style=\'height: 90px;font-family: \'微软雅黑\';color: white;\'><tr><td>2017-07-27 16:34:54</td></tr><tr><td>cs</td></tr><tr><td>取出：0   存入：15</td></tr></table>', '1', 'e2f3089254664f5f89', 'false', '2017-07-31 16:24:43', null);
INSERT INTO `notifymessage` VALUES ('341617184633520128', '<table style=\'height: 90px;font-family: \'微软雅黑\';color: white;\'><tr><td>2017-07-27 16:34:54</td></tr><tr><td>cs</td></tr><tr><td>取出：0   存入：15</td></tr></table>', '1', '1c7e1de21f554a06a3', 'false', '2017-07-31 16:24:43', null);
INSERT INTO `notifymessage` VALUES ('341617184717406208', '<table style=\'height: 90px;font-family: \'微软雅黑\';color: white;\'><tr><td>2017-07-27 16:34:54</td></tr><tr><td>cs</td></tr><tr><td>取出：0   存入：15</td></tr></table>', '1', '9a9a22820d5641dfaf', 'true', '2017-07-31 16:24:43', null);
INSERT INTO `notifymessage` VALUES ('341617185354940416', '<table style=\'height: 90px;font-family: \'微软雅黑\';color: white;\'><tr><td>2017-07-27 16:51:14</td></tr><tr><td>cs</td></tr><tr><td>取出：0   存入：18</td></tr></table>', '1', 'e2f3089254664f5f89', 'false', '2017-07-31 16:24:43', null);
INSERT INTO `notifymessage` VALUES ('341617185401077760', '<table style=\'height: 90px;font-family: \'微软雅黑\';color: white;\'><tr><td>2017-07-27 16:51:14</td></tr><tr><td>cs</td></tr><tr><td>取出：0   存入：18</td></tr></table>', '1', '1c7e1de21f554a06a3', 'false', '2017-07-31 16:24:43', null);
INSERT INTO `notifymessage` VALUES ('341617185484963840', '<table style=\'height: 90px;font-family: \'微软雅黑\';color: white;\'><tr><td>2017-07-27 16:51:14</td></tr><tr><td>cs</td></tr><tr><td>取出：0   存入：18</td></tr></table>', '1', '9a9a22820d5641dfaf', 'true', '2017-07-31 16:24:43', null);
INSERT INTO `notifymessage` VALUES ('341617186030223360', '<table style=\'height: 90px;font-family: \'微软雅黑\';color: white;\'><tr><td>2017-07-27 16:53:22</td></tr><tr><td>cs</td></tr><tr><td>取出：0   存入：11</td></tr></table>', '1', 'e2f3089254664f5f89', 'false', '2017-07-31 16:24:44', null);
INSERT INTO `notifymessage` VALUES ('341617186101526528', '<table style=\'height: 90px;font-family: \'微软雅黑\';color: white;\'><tr><td>2017-07-27 16:53:22</td></tr><tr><td>cs</td></tr><tr><td>取出：0   存入：11</td></tr></table>', '1', '1c7e1de21f554a06a3', 'false', '2017-07-31 16:24:44', null);
INSERT INTO `notifymessage` VALUES ('341617186185412608', '<table style=\'height: 90px;font-family: \'微软雅黑\';color: white;\'><tr><td>2017-07-27 16:53:22</td></tr><tr><td>cs</td></tr><tr><td>取出：0   存入：11</td></tr></table>', '1', '9a9a22820d5641dfaf', 'true', '2017-07-31 16:24:44', null);
INSERT INTO `notifymessage` VALUES ('341617186764226560', '<table style=\'height: 90px;font-family: \'微软雅黑\';color: white;\'><tr><td>2017-07-28 10:18:03</td></tr><tr><td>chechunli</td></tr><tr><td>取出：0   存入：16</td></tr></table>', '1', 'e2f3089254664f5f89', 'false', '2017-07-31 16:24:44', null);
INSERT INTO `notifymessage` VALUES ('341617186869084160', '<table style=\'height: 90px;font-family: \'微软雅黑\';color: white;\'><tr><td>2017-07-28 10:18:03</td></tr><tr><td>chechunli</td></tr><tr><td>取出：0   存入：16</td></tr></table>', '1', '1c7e1de21f554a06a3', 'false', '2017-07-31 16:24:44', null);
INSERT INTO `notifymessage` VALUES ('341617186952970240', '<table style=\'height: 90px;font-family: \'微软雅黑\';color: white;\'><tr><td>2017-07-28 10:18:03</td></tr><tr><td>chechunli</td></tr><tr><td>取出：0   存入：16</td></tr></table>', '1', '9a9a22820d5641dfaf', 'true', '2017-07-31 16:24:44', null);
INSERT INTO `notifymessage` VALUES ('341617187724722176', '<table style=\'height: 90px;font-family: \'微软雅黑\';color: white;\'><tr><td>2017-07-28 14:13:13</td></tr><tr><td>chechunli</td></tr><tr><td>取出：0   存入：5</td></tr></table>', '1', 'e2f3089254664f5f89', 'false', '2017-07-31 16:24:44', null);
INSERT INTO `notifymessage` VALUES ('341617187779248128', '<table style=\'height: 90px;font-family: \'微软雅黑\';color: white;\'><tr><td>2017-07-28 14:13:13</td></tr><tr><td>chechunli</td></tr><tr><td>取出：0   存入：5</td></tr></table>', '1', '1c7e1de21f554a06a3', 'false', '2017-07-31 16:24:44', null);
INSERT INTO `notifymessage` VALUES ('341617187863134208', '<table style=\'height: 90px;font-family: \'微软雅黑\';color: white;\'><tr><td>2017-07-28 14:13:13</td></tr><tr><td>chechunli</td></tr><tr><td>取出：0   存入：5</td></tr></table>', '1', '9a9a22820d5641dfaf', 'true', '2017-07-31 16:24:44', null);
INSERT INTO `notifymessage` VALUES ('341617188609720320', '<table style=\'height: 90px;font-family: \'微软雅黑\';color: white;\'><tr><td>2017-07-28 17:27:54</td></tr><tr><td>cs</td></tr><tr><td>取出：0   存入：10</td></tr></table>', '1', 'e2f3089254664f5f89', 'false', '2017-07-31 16:24:44', null);
INSERT INTO `notifymessage` VALUES ('341617188806852608', '<table style=\'height: 90px;font-family: \'微软雅黑\';color: white;\'><tr><td>2017-07-28 17:27:54</td></tr><tr><td>cs</td></tr><tr><td>取出：0   存入：10</td></tr></table>', '1', '1c7e1de21f554a06a3', 'false', '2017-07-31 16:24:44', null);
INSERT INTO `notifymessage` VALUES ('341617188861378560', '<table style=\'height: 90px;font-family: \'微软雅黑\';color: white;\'><tr><td>2017-07-28 17:27:54</td></tr><tr><td>cs</td></tr><tr><td>取出：0   存入：10</td></tr></table>', '1', '9a9a22820d5641dfaf', 'true', '2017-07-31 16:24:44', null);
INSERT INTO `notifymessage` VALUES ('341617189498912768', '<table style=\'height: 90px;font-family: \'微软雅黑\';color: white;\'><tr><td>2017-07-31 11:16:45</td></tr><tr><td>cs</td></tr><tr><td>取出：0   存入：12</td></tr></table>', '1', 'e2f3089254664f5f89', 'false', '2017-07-31 16:24:44', null);
INSERT INTO `notifymessage` VALUES ('341617189582798848', '<table style=\'height: 90px;font-family: \'微软雅黑\';color: white;\'><tr><td>2017-07-31 11:16:45</td></tr><tr><td>cs</td></tr><tr><td>取出：0   存入：12</td></tr></table>', '1', '1c7e1de21f554a06a3', 'false', '2017-07-31 16:24:44', null);
INSERT INTO `notifymessage` VALUES ('341617189679267840', '<table style=\'height: 90px;font-family: \'微软雅黑\';color: white;\'><tr><td>2017-07-31 11:16:45</td></tr><tr><td>cs</td></tr><tr><td>取出：0   存入：12</td></tr></table>', '1', '9a9a22820d5641dfaf', 'true', '2017-07-31 16:24:44', null);
INSERT INTO `notifymessage` VALUES ('341617190153224192', '<table style=\'height: 90px;font-family: \'微软雅黑\';color: white;\'><tr><td>2017-07-31 15:44:50</td></tr><tr><td>cs</td></tr><tr><td>取出：0   存入：10</td></tr></table>', '1', 'e2f3089254664f5f89', 'false', '2017-07-31 16:24:45', null);
INSERT INTO `notifymessage` VALUES ('341617190262276096', '<table style=\'height: 90px;font-family: \'微软雅黑\';color: white;\'><tr><td>2017-07-31 15:44:50</td></tr><tr><td>cs</td></tr><tr><td>取出：0   存入：10</td></tr></table>', '1', '1c7e1de21f554a06a3', 'false', '2017-07-31 16:24:45', null);
INSERT INTO `notifymessage` VALUES ('341617190341967872', '<table style=\'height: 90px;font-family: \'微软雅黑\';color: white;\'><tr><td>2017-07-31 15:44:50</td></tr><tr><td>cs</td></tr><tr><td>取出：0   存入：10</td></tr></table>', '1', '9a9a22820d5641dfaf', 'true', '2017-07-31 16:24:45', null);
INSERT INTO `notifymessage` VALUES ('341617192103575552', '<table style=\'height: 90px;font-family: \'微软雅黑\';color: white;\'><tr><td>2017-07-31 16:22:35</td></tr><tr><td>cs</td></tr><tr><td>取出：0   存入：81</td></tr></table>', '1', 'e2f3089254664f5f89', 'false', '2017-07-31 16:24:45', null);
INSERT INTO `notifymessage` VALUES ('341617192208433152', '<table style=\'height: 90px;font-family: \'微软雅黑\';color: white;\'><tr><td>2017-07-31 16:22:35</td></tr><tr><td>cs</td></tr><tr><td>取出：0   存入：81</td></tr></table>', '1', '1c7e1de21f554a06a3', 'false', '2017-07-31 16:24:45', null);
INSERT INTO `notifymessage` VALUES ('341617192292319232', '<table style=\'height: 90px;font-family: \'微软雅黑\';color: white;\'><tr><td>2017-07-31 16:22:35</td></tr><tr><td>cs</td></tr><tr><td>取出：0   存入：81</td></tr></table>', '1', '9a9a22820d5641dfaf', 'true', '2017-07-31 16:24:45', null);
INSERT INTO `notifymessage` VALUES ('341617192980185088', '<table style=\'height: 90px;font-family: \'微软雅黑\';color: white;\'><tr><td>2017-07-31 16:23:14</td></tr><tr><td>cs</td></tr><tr><td>取出：0   存入：1</td></tr></table>', '1', 'e2f3089254664f5f89', 'false', '2017-07-31 16:24:45', null);
INSERT INTO `notifymessage` VALUES ('341617193076654080', '<table style=\'height: 90px;font-family: \'微软雅黑\';color: white;\'><tr><td>2017-07-31 16:23:14</td></tr><tr><td>cs</td></tr><tr><td>取出：0   存入：1</td></tr></table>', '1', '1c7e1de21f554a06a3', 'false', '2017-07-31 16:24:45', null);
INSERT INTO `notifymessage` VALUES ('341617193173123072', '<table style=\'height: 90px;font-family: \'微软雅黑\';color: white;\'><tr><td>2017-07-31 16:23:14</td></tr><tr><td>cs</td></tr><tr><td>取出：0   存入：1</td></tr></table>', '1', '9a9a22820d5641dfaf', 'true', '2017-07-31 16:24:45', null);
INSERT INTO `notifymessage` VALUES ('341617193793880064', '<table style=\'height: 90px;font-family: \'微软雅黑\';color: white;\'><tr><td>2017-07-31 16:27:12</td></tr><tr><td>chechunli</td></tr><tr><td>取出：0   存入：3</td></tr></table>', '1', 'e2f3089254664f5f89', 'false', '2017-07-31 16:24:45', null);
INSERT INTO `notifymessage` VALUES ('341617193911320576', '<table style=\'height: 90px;font-family: \'微软雅黑\';color: white;\'><tr><td>2017-07-31 16:27:12</td></tr><tr><td>chechunli</td></tr><tr><td>取出：0   存入：3</td></tr></table>', '1', '1c7e1de21f554a06a3', 'false', '2017-07-31 16:24:45', null);
INSERT INTO `notifymessage` VALUES ('341617193978429440', '<table style=\'height: 90px;font-family: \'微软雅黑\';color: white;\'><tr><td>2017-07-31 16:27:12</td></tr><tr><td>chechunli</td></tr><tr><td>取出：0   存入：3</td></tr></table>', '1', '9a9a22820d5641dfaf', 'true', '2017-07-31 16:24:45', null);
INSERT INTO `notifymessage` VALUES ('341617194729209856', '<table style=\'height: 90px;font-family: \'微软雅黑\';color: white;\'><tr><td>2017-07-31 16:34:35</td></tr><tr><td>chechunli</td></tr><tr><td>取出：0   存入：4</td></tr></table>', '1', 'e2f3089254664f5f89', 'false', '2017-07-31 16:24:46', null);
INSERT INTO `notifymessage` VALUES ('341617194817290240', '<table style=\'height: 90px;font-family: \'微软雅黑\';color: white;\'><tr><td>2017-07-31 16:34:35</td></tr><tr><td>chechunli</td></tr><tr><td>取出：0   存入：4</td></tr></table>', '1', '1c7e1de21f554a06a3', 'false', '2017-07-31 16:24:46', null);
INSERT INTO `notifymessage` VALUES ('341617194876010496', '<table style=\'height: 90px;font-family: \'微软雅黑\';color: white;\'><tr><td>2017-07-31 16:34:35</td></tr><tr><td>chechunli</td></tr><tr><td>取出：0   存入：4</td></tr></table>', '1', '9a9a22820d5641dfaf', 'true', '2017-07-31 16:24:46', null);
INSERT INTO `notifymessage` VALUES ('341617548812353536', '<table style=\'height: 90px;font-family: \'微软雅黑\';color: white;\'><tr><td>2017-07-31 16:36:03</td></tr><tr><td>chechunli</td></tr><tr><td>取出：0   存入：4</td></tr></table>', '1', 'e2f3089254664f5f89', 'false', '2017-07-31 16:26:10', null);
INSERT INTO `notifymessage` VALUES ('341617548879462400', '<table style=\'height: 90px;font-family: \'微软雅黑\';color: white;\'><tr><td>2017-07-31 16:36:03</td></tr><tr><td>chechunli</td></tr><tr><td>取出：0   存入：4</td></tr></table>', '1', '1c7e1de21f554a06a3', 'false', '2017-07-31 16:26:10', null);
INSERT INTO `notifymessage` VALUES ('341617548975931392', '<table style=\'height: 90px;font-family: \'微软雅黑\';color: white;\'><tr><td>2017-07-31 16:36:03</td></tr><tr><td>chechunli</td></tr><tr><td>取出：0   存入：4</td></tr></table>', '1', '9a9a22820d5641dfaf', 'true', '2017-07-31 16:26:10', null);
INSERT INTO `notifymessage` VALUES ('341617754723319808', '<table style=\'height: 90px;font-family: \'微软雅黑\';color: white;\'><tr><td>2017-07-31 16:36:52</td></tr><tr><td>chechunli</td></tr><tr><td>取出：0   存入：4</td></tr></table>', '1', 'e2f3089254664f5f89', 'false', '2017-07-31 16:26:59', null);
INSERT INTO `notifymessage` VALUES ('341617754765262848', '<table style=\'height: 90px;font-family: \'微软雅黑\';color: white;\'><tr><td>2017-07-31 16:36:52</td></tr><tr><td>chechunli</td></tr><tr><td>取出：0   存入：4</td></tr></table>', '1', '1c7e1de21f554a06a3', 'false', '2017-07-31 16:26:59', null);
INSERT INTO `notifymessage` VALUES ('341617754849148928', '<table style=\'height: 90px;font-family: \'微软雅黑\';color: white;\'><tr><td>2017-07-31 16:36:52</td></tr><tr><td>chechunli</td></tr><tr><td>取出：0   存入：4</td></tr></table>', '1', '9a9a22820d5641dfaf', 'true', '2017-07-31 16:26:59', null);
INSERT INTO `notifymessage` VALUES ('341618044600057856', '<table style=\'height: 90px;font-family: \'微软雅黑\';color: white;\'><tr><td>2017-07-31 16:38:01</td></tr><tr><td>chechunli</td></tr><tr><td>取出：0   存入：4</td></tr></table>', '1', 'e2f3089254664f5f89', 'false', '2017-07-31 16:28:08', null);
INSERT INTO `notifymessage` VALUES ('341618044755247104', '<table style=\'height: 90px;font-family: \'微软雅黑\';color: white;\'><tr><td>2017-07-31 16:38:01</td></tr><tr><td>chechunli</td></tr><tr><td>取出：0   存入：4</td></tr></table>', '1', '1c7e1de21f554a06a3', 'false', '2017-07-31 16:28:08', null);
INSERT INTO `notifymessage` VALUES ('341618044839133184', '<table style=\'height: 90px;font-family: \'微软雅黑\';color: white;\'><tr><td>2017-07-31 16:38:01</td></tr><tr><td>chechunli</td></tr><tr><td>取出：0   存入：4</td></tr></table>', '1', '9a9a22820d5641dfaf', 'true', '2017-07-31 16:28:08', null);
INSERT INTO `notifymessage` VALUES ('341618848891404288', '<table style=\'height: 90px;font-family: \'微软雅黑\';color: white;\'><tr><td>2017-07-31 16:41:13</td></tr><tr><td>chechunli</td></tr><tr><td>取出：0   存入：3</td></tr></table>', '1', '1c7e1de21f554a06a3', 'false', '2017-07-31 16:31:20', null);
INSERT INTO `notifymessage` VALUES ('341618848971096064', '<table style=\'height: 90px;font-family: \'微软雅黑\';color: white;\'><tr><td>2017-07-31 16:41:13</td></tr><tr><td>chechunli</td></tr><tr><td>取出：0   存入：3</td></tr></table>', '1', '9a9a22820d5641dfaf', 'false', '2017-07-31 16:31:20', null);
INSERT INTO `notifymessage` VALUES ('341618849025622016', '<table style=\'height: 90px;font-family: \'微软雅黑\';color: white;\'><tr><td>2017-07-31 16:41:13</td></tr><tr><td>chechunli</td></tr><tr><td>取出：0   存入：3</td></tr></table>', '1', 'e2f3089254664f5f89', 'true', '2017-07-31 16:31:20', null);
INSERT INTO `notifymessage` VALUES ('341619002365181952', '<table style=\'height: 90px;font-family: \'微软雅黑\';color: white;\'><tr><td>2017-07-31 16:41:50</td></tr><tr><td>chechunli</td></tr><tr><td>取出：3   存入：0</td></tr></table>', '1', '1c7e1de21f554a06a3', 'false', '2017-07-31 16:31:57', null);
INSERT INTO `notifymessage` VALUES ('341619002453262336', '<table style=\'height: 90px;font-family: \'微软雅黑\';color: white;\'><tr><td>2017-07-31 16:41:50</td></tr><tr><td>chechunli</td></tr><tr><td>取出：3   存入：0</td></tr></table>', '1', '9a9a22820d5641dfaf', 'false', '2017-07-31 16:31:57', null);
INSERT INTO `notifymessage` VALUES ('341619002549731328', '<table style=\'height: 90px;font-family: \'微软雅黑\';color: white;\'><tr><td>2017-07-31 16:41:50</td></tr><tr><td>chechunli</td></tr><tr><td>取出：3   存入：0</td></tr></table>', '1', 'e2f3089254664f5f89', 'true', '2017-07-31 16:31:57', null);
INSERT INTO `notifymessage` VALUES ('341619834120830976', '<table style=\'height: 90px;font-family: \'微软雅黑\';color: white;\'><tr><td>2017-07-31 16:45:08</td></tr><tr><td>chechunli</td></tr><tr><td>取出：0</td><td>存入：3</td></tr></table>', '1', 'e2f3089254664f5f89', 'false', '2017-07-31 16:35:15', null);
INSERT INTO `notifymessage` VALUES ('341619834187939840', '<table style=\'height: 90px;font-family: \'微软雅黑\';color: white;\'><tr><td>2017-07-31 16:45:08</td></tr><tr><td>chechunli</td></tr><tr><td>取出：0</td><td>存入：3</td></tr></table>', '1', '1c7e1de21f554a06a3', 'false', '2017-07-31 16:35:15', null);
INSERT INTO `notifymessage` VALUES ('341619834359906304', '<table style=\'height: 90px;font-family: \'微软雅黑\';color: white;\'><tr><td>2017-07-31 16:45:08</td></tr><tr><td>chechunli</td></tr><tr><td>取出：0</td><td>存入：3</td></tr></table>', '1', '9a9a22820d5641dfaf', 'false', '2017-07-31 16:35:15', null);
INSERT INTO `notifymessage` VALUES ('341619934146592768', '<table style=\'height: 90px;font-family: \'微软雅黑\';color: white;\'><tr><td>2017-07-26 17:05:56</td></tr><tr><td>ff</td></tr><tr><td>取出：1</td><td>存入：1</td></tr></table>', '1', '1c7e1de21f554a06a3', 'false', '2017-07-31 16:35:39', null);
INSERT INTO `notifymessage` VALUES ('341619934201118720', '<table style=\'height: 90px;font-family: \'微软雅黑\';color: white;\'><tr><td>2017-07-26 17:05:56</td></tr><tr><td>ff</td></tr><tr><td>取出：1</td><td>存入：1</td></tr></table>', '1', '9a9a22820d5641dfaf', 'false', '2017-07-31 16:35:39', null);
INSERT INTO `notifymessage` VALUES ('341619934293393408', '<table style=\'height: 90px;font-family: \'微软雅黑\';color: white;\'><tr><td>2017-07-26 17:05:56</td></tr><tr><td>ff</td></tr><tr><td>取出：1</td><td>存入：1</td></tr></table>', '1', 'e2f3089254664f5f89', 'true', '2017-07-31 16:35:39', null);
INSERT INTO `notifymessage` VALUES ('341619979604459520', '<table style=\'height: 90px;font-family: \'微软雅黑\';color: white;\'><tr><td>2017-07-26 17:05:56</td></tr><tr><td>ff</td></tr><tr><td>取出：1</td><td>存入：1</td></tr></table>', '1', '1c7e1de21f554a06a3', 'false', '2017-07-31 16:35:50', null);
INSERT INTO `notifymessage` VALUES ('341619979768037376', '<table style=\'height: 90px;font-family: \'微软雅黑\';color: white;\'><tr><td>2017-07-26 17:05:56</td></tr><tr><td>ff</td></tr><tr><td>取出：1</td><td>存入：1</td></tr></table>', '1', '9a9a22820d5641dfaf', 'false', '2017-07-31 16:35:50', null);
INSERT INTO `notifymessage` VALUES ('341619979889672192', '<table style=\'height: 90px;font-family: \'微软雅黑\';color: white;\'><tr><td>2017-07-26 17:05:56</td></tr><tr><td>ff</td></tr><tr><td>取出：1</td><td>存入：1</td></tr></table>', '1', 'e2f3089254664f5f89', 'true', '2017-07-31 16:35:50', null);
INSERT INTO `notifymessage` VALUES ('341620495562571776', '<table style=\'height: 90px;font-family: \'微软雅黑\';color: white;\'><tr><td>2017-07-26 17:05:56</td></tr><tr><td>ff</td></tr><tr><td>取出：1</td><td>存入：1</td></tr></table>', '1', '1c7e1de21f554a06a3', 'false', '2017-07-31 16:37:53', null);
INSERT INTO `notifymessage` VALUES ('341620495839395840', '<table style=\'height: 90px;font-family: \'微软雅黑\';color: white;\'><tr><td>2017-07-26 17:05:56</td></tr><tr><td>ff</td></tr><tr><td>取出：1</td><td>存入：1</td></tr></table>', '1', '9a9a22820d5641dfaf', 'false', '2017-07-31 16:37:53', null);
INSERT INTO `notifymessage` VALUES ('341620495994585088', '<table style=\'height: 90px;font-family: \'微软雅黑\';color: white;\'><tr><td>2017-07-26 17:05:56</td></tr><tr><td>ff</td></tr><tr><td>取出：1</td><td>存入：1</td></tr></table>', '1', 'e2f3089254664f5f89', 'true', '2017-07-31 16:37:53', null);
INSERT INTO `notifymessage` VALUES ('341621347706732544', '<table style=\'height: 90px;font-family: \'微软雅黑\';color: white;\'><tr><td colspan=\'2\'>2017-07-26 17:05:56</td></tr><tr><td>ff</td></tr><tr><td>取出：1</td><td>存入：1</td></tr></table>', '1', '1c7e1de21f554a06a3', 'false', '2017-07-31 16:41:16', null);
INSERT INTO `notifymessage` VALUES ('341621347824173056', '<table style=\'height: 90px;font-family: \'微软雅黑\';color: white;\'><tr><td colspan=\'2\'>2017-07-26 17:05:56</td></tr><tr><td>ff</td></tr><tr><td>取出：1</td><td>存入：1</td></tr></table>', '1', '9a9a22820d5641dfaf', 'false', '2017-07-31 16:41:16', null);
INSERT INTO `notifymessage` VALUES ('341621347908059136', '<table style=\'height: 90px;font-family: \'微软雅黑\';color: white;\'><tr><td colspan=\'2\'>2017-07-26 17:05:56</td></tr><tr><td>ff</td></tr><tr><td>取出：1</td><td>存入：1</td></tr></table>', '1', 'e2f3089254664f5f89', 'true', '2017-07-31 16:41:16', null);
INSERT INTO `notifymessage` VALUES ('341621574366920704', '<table style=\'height: 90px;font-family: \'微软雅黑\';color: white;\'><tr><td colspan=\'2\'>2017-07-26 17:05:56</td></tr><tr><td>ff</td></tr><tr><td>取出：1</td><td>存入：1</td></tr></table>', '1', '1c7e1de21f554a06a3', 'false', '2017-07-31 16:42:10', null);
INSERT INTO `notifymessage` VALUES ('341621574425640960', '<table style=\'height: 90px;font-family: \'微软雅黑\';color: white;\'><tr><td colspan=\'2\'>2017-07-26 17:05:56</td></tr><tr><td>ff</td></tr><tr><td>取出：1</td><td>存入：1</td></tr></table>', '1', '9a9a22820d5641dfaf', 'false', '2017-07-31 16:42:10', null);
INSERT INTO `notifymessage` VALUES ('341621574509527040', '<table style=\'height: 90px;font-family: \'微软雅黑\';color: white;\'><tr><td colspan=\'2\'>2017-07-26 17:05:56</td></tr><tr><td>ff</td></tr><tr><td>取出：1</td><td>存入：1</td></tr></table>', '1', 'e2f3089254664f5f89', 'true', '2017-07-31 16:42:10', null);
INSERT INTO `notifymessage` VALUES ('341622250845241344', '<table style=\'height: 90px;font-family: \'微软雅黑\';color: white;\'><tr><td colspan=\'2\'>2017-07-26 17:05:56</td></tr><tr><td>ff</td></tr><tr><td>取出：1</td><td>存入：1</td></tr></table>', '1', '1c7e1de21f554a06a3', 'false', '2017-07-31 16:44:51', null);
INSERT INTO `notifymessage` VALUES ('341622250950098944', '<table style=\'height: 90px;font-family: \'微软雅黑\';color: white;\'><tr><td colspan=\'2\'>2017-07-26 17:05:56</td></tr><tr><td>ff</td></tr><tr><td>取出：1</td><td>存入：1</td></tr></table>', '1', '9a9a22820d5641dfaf', 'false', '2017-07-31 16:44:51', null);
INSERT INTO `notifymessage` VALUES ('341622251109482496', '<table style=\'height: 90px;font-family: \'微软雅黑\';color: white;\'><tr><td colspan=\'2\'>2017-07-26 17:05:56</td></tr><tr><td>ff</td></tr><tr><td>取出：1</td><td>存入：1</td></tr></table>', '1', 'e2f3089254664f5f89', 'true', '2017-07-31 16:44:51', null);
INSERT INTO `notifymessage` VALUES ('341622524838150144', '<table style=\'height: 90px;font-family: \'微软雅黑\';color: white;\'><tr><td colspan=\'2\'>2017-07-26 17:05:56</td></tr><tr><td>ff</td></tr><tr><td>取出：1</td><td>存入：1</td></tr></table>', '1', '1c7e1de21f554a06a3', 'false', '2017-07-31 16:45:56', null);
INSERT INTO `notifymessage` VALUES ('341622524888481792', '<table style=\'height: 90px;font-family: \'微软雅黑\';color: white;\'><tr><td colspan=\'2\'>2017-07-26 17:05:56</td></tr><tr><td>ff</td></tr><tr><td>取出：1</td><td>存入：1</td></tr></table>', '1', '9a9a22820d5641dfaf', 'false', '2017-07-31 16:45:56', null);
INSERT INTO `notifymessage` VALUES ('341622524972367872', '<table style=\'height: 90px;font-family: \'微软雅黑\';color: white;\'><tr><td colspan=\'2\'>2017-07-26 17:05:56</td></tr><tr><td>ff</td></tr><tr><td>取出：1</td><td>存入：1</td></tr></table>', '1', 'e2f3089254664f5f89', 'true', '2017-07-31 16:45:56', null);
INSERT INTO `notifymessage` VALUES ('341622565187354624', '<table style=\'height: 90px;font-family: \'微软雅黑\';color: white;\'><tr><td colspan=\'2\'>2017-07-26 17:05:56</td></tr><tr><td>ff</td></tr><tr><td>取出：1</td><td>存入：1</td></tr></table>', '1', '1c7e1de21f554a06a3', 'false', '2017-07-31 16:46:06', null);
INSERT INTO `notifymessage` VALUES ('341622565267046400', '<table style=\'height: 90px;font-family: \'微软雅黑\';color: white;\'><tr><td colspan=\'2\'>2017-07-26 17:05:56</td></tr><tr><td>ff</td></tr><tr><td>取出：1</td><td>存入：1</td></tr></table>', '1', '9a9a22820d5641dfaf', 'false', '2017-07-31 16:46:06', null);
INSERT INTO `notifymessage` VALUES ('341622565325766656', '<table style=\'height: 90px;font-family: \'微软雅黑\';color: white;\'><tr><td colspan=\'2\'>2017-07-26 17:05:56</td></tr><tr><td>ff</td></tr><tr><td>取出：1</td><td>存入：1</td></tr></table>', '1', 'e2f3089254664f5f89', 'true', '2017-07-31 16:46:06', null);
INSERT INTO `notifymessage` VALUES ('341622826748346368', '<table style=\'height: 90px;font-family: \'微软雅黑\';color: white;\'><tr><td colspan=\'2\'>2017-07-26 17:05:56</td></tr><tr><td>ff</td></tr><tr><td>取出：1</td><td>存入：1</td></tr></table>', '1', '1c7e1de21f554a06a3', 'false', '2017-07-31 16:47:08', null);
INSERT INTO `notifymessage` VALUES ('341622827041947648', '<table style=\'height: 90px;font-family: \'微软雅黑\';color: white;\'><tr><td colspan=\'2\'>2017-07-26 17:05:56</td></tr><tr><td>ff</td></tr><tr><td>取出：1</td><td>存入：1</td></tr></table>', '1', '9a9a22820d5641dfaf', 'false', '2017-07-31 16:47:09', null);
INSERT INTO `notifymessage` VALUES ('341622827125833728', '<table style=\'height: 90px;font-family: \'微软雅黑\';color: white;\'><tr><td colspan=\'2\'>2017-07-26 17:05:56</td></tr><tr><td>ff</td></tr><tr><td>取出：1</td><td>存入：1</td></tr></table>', '1', 'e2f3089254664f5f89', 'true', '2017-07-31 16:47:09', null);
INSERT INTO `notifymessage` VALUES ('341622955261820928', '<table style=\'height: 90px;font-family: \'微软雅黑\';color: white;\'><tr><td colspan=\'2\'>2017-07-26 17:05:56</td></tr><tr><td>ff</td></tr><tr><td>取出：1</td><td>存入：1</td></tr></table>', '1', '1c7e1de21f554a06a3', 'false', '2017-07-31 16:47:39', null);
INSERT INTO `notifymessage` VALUES ('341622955349901312', '<table style=\'height: 90px;font-family: \'微软雅黑\';color: white;\'><tr><td colspan=\'2\'>2017-07-26 17:05:56</td></tr><tr><td>ff</td></tr><tr><td>取出：1</td><td>存入：1</td></tr></table>', '1', '9a9a22820d5641dfaf', 'false', '2017-07-31 16:47:39', null);
INSERT INTO `notifymessage` VALUES ('341622955429593088', '<table style=\'height: 90px;font-family: \'微软雅黑\';color: white;\'><tr><td colspan=\'2\'>2017-07-26 17:05:56</td></tr><tr><td>ff</td></tr><tr><td>取出：1</td><td>存入：1</td></tr></table>', '1', 'e2f3089254664f5f89', 'true', '2017-07-31 16:47:39', null);
INSERT INTO `notifymessage` VALUES ('341624308184907776', '<table style=\"height: 90px;font-family: \'微软雅黑\';color: white;\"><tr><td colspan=\'2\'>2017-07-26 17:05:56</td></tr><tr><td>ff</td></tr><tr><td>取出：1</td><td>存入：1</td></tr></table>', '1', '1c7e1de21f554a06a3', 'false', '2017-07-31 16:53:02', null);
INSERT INTO `notifymessage` VALUES ('341624308256210944', '<table style=\"height: 90px;font-family: \'微软雅黑\';color: white;\"><tr><td colspan=\'2\'>2017-07-26 17:05:56</td></tr><tr><td>ff</td></tr><tr><td>取出：1</td><td>存入：1</td></tr></table>', '1', '9a9a22820d5641dfaf', 'false', '2017-07-31 16:53:02', null);
INSERT INTO `notifymessage` VALUES ('341624308340097024', '<table style=\"height: 90px;font-family: \'微软雅黑\';color: white;\"><tr><td colspan=\'2\'>2017-07-26 17:05:56</td></tr><tr><td>ff</td></tr><tr><td>取出：1</td><td>存入：1</td></tr></table>', '1', 'e2f3089254664f5f89', 'true', '2017-07-31 16:53:02', null);
INSERT INTO `notifymessage` VALUES ('341624415089328128', '<table style=\"height: 90px;font-family: \'微软雅黑\';color: white;\"><tr><td colspan=\'2\'>2017-07-26 17:05:56</td></tr><tr><td>ff</td></tr><tr><td>取出：1</td><td>存入：1</td></tr></table>', '1', '1c7e1de21f554a06a3', 'false', '2017-07-31 16:53:27', null);
INSERT INTO `notifymessage` VALUES ('341624415206768640', '<table style=\"height: 90px;font-family: \'微软雅黑\';color: white;\"><tr><td colspan=\'2\'>2017-07-26 17:05:56</td></tr><tr><td>ff</td></tr><tr><td>取出：1</td><td>存入：1</td></tr></table>', '1', '9a9a22820d5641dfaf', 'false', '2017-07-31 16:53:27', null);
INSERT INTO `notifymessage` VALUES ('341624415290654720', '<table style=\"height: 90px;font-family: \'微软雅黑\';color: white;\"><tr><td colspan=\'2\'>2017-07-26 17:05:56</td></tr><tr><td>ff</td></tr><tr><td>取出：1</td><td>存入：1</td></tr></table>', '1', 'e2f3089254664f5f89', 'true', '2017-07-31 16:53:27', null);
INSERT INTO `notifymessage` VALUES ('341624573550133248', '<table style=\"height: 90px;font-family: \'微软雅黑\';color: white;\"><tr><td colspan=\'2\'>2017-07-26 17:05:56</td></tr><tr><td>ff</td></tr><tr><td>取出：1</td><td>存入：1</td></tr></table>', '1', '1c7e1de21f554a06a3', 'false', '2017-07-31 16:54:05', null);
INSERT INTO `notifymessage` VALUES ('341624573642407936', '<table style=\"height: 90px;font-family: \'微软雅黑\';color: white;\"><tr><td colspan=\'2\'>2017-07-26 17:05:56</td></tr><tr><td>ff</td></tr><tr><td>取出：1</td><td>存入：1</td></tr></table>', '1', '9a9a22820d5641dfaf', 'false', '2017-07-31 16:54:05', null);
INSERT INTO `notifymessage` VALUES ('341624573764042752', '<table style=\"height: 90px;font-family: \'微软雅黑\';color: white;\"><tr><td colspan=\'2\'>2017-07-26 17:05:56</td></tr><tr><td>ff</td></tr><tr><td>取出：1</td><td>存入：1</td></tr></table>', '1', 'e2f3089254664f5f89', 'true', '2017-07-31 16:54:05', null);
INSERT INTO `notifymessage` VALUES ('341625187503964160', '<table style=\"height: 90px;font-family: \'微软雅黑\';color: white;\"><tr><td colspan=\'2\'>2017-07-26 17:05:56</td></tr><tr><td>ff</td></tr><tr><td>取出：1</td><td>存入：1</td></tr></table>', '1', '1c7e1de21f554a06a3', 'false', '2017-07-31 16:56:31', null);
INSERT INTO `notifymessage` VALUES ('341625187575267328', '<table style=\"height: 90px;font-family: \'微软雅黑\';color: white;\"><tr><td colspan=\'2\'>2017-07-26 17:05:56</td></tr><tr><td>ff</td></tr><tr><td>取出：1</td><td>存入：1</td></tr></table>', '1', '9a9a22820d5641dfaf', 'false', '2017-07-31 16:56:31', null);
INSERT INTO `notifymessage` VALUES ('341625187633987584', '<table style=\"height: 90px;font-family: \'微软雅黑\';color: white;\"><tr><td colspan=\'2\'>2017-07-26 17:05:56</td></tr><tr><td>ff</td></tr><tr><td>取出：1</td><td>存入：1</td></tr></table>', '1', 'e2f3089254664f5f89', 'true', '2017-07-31 16:56:31', null);
INSERT INTO `notifymessage` VALUES ('341625559484203008', '<table style=\"height: 90px;font-family: \'微软雅黑\';color: white;\"><tr><td colspan=\'2\'>2017-07-26 17:05:56</td></tr><tr><td>ff</td></tr><tr><td>取出：1</td><td>存入：1</td></tr></table>', '1', '1c7e1de21f554a06a3', 'false', '2017-07-31 16:58:00', null);
INSERT INTO `notifymessage` VALUES ('341625559589060608', '<table style=\"height: 90px;font-family: \'微软雅黑\';color: white;\"><tr><td colspan=\'2\'>2017-07-26 17:05:56</td></tr><tr><td>ff</td></tr><tr><td>取出：1</td><td>存入：1</td></tr></table>', '1', '9a9a22820d5641dfaf', 'false', '2017-07-31 16:58:00', null);
INSERT INTO `notifymessage` VALUES ('341625559761027072', '<table style=\"height: 90px;font-family: \'微软雅黑\';color: white;\"><tr><td colspan=\'2\'>2017-07-26 17:05:56</td></tr><tr><td>ff</td></tr><tr><td>取出：1</td><td>存入：1</td></tr></table>', '1', 'e2f3089254664f5f89', 'true', '2017-07-31 16:58:00', null);
INSERT INTO `notifymessage` VALUES ('341625633714995200', '<table style=\"height: 90px;font-family: \'微软雅黑\';color: white;\"><tr><td colspan=\'2\'>2017-07-26 17:05:56</td></tr><tr><td>ff</td></tr><tr><td>取出：1</td><td>存入：1</td></tr></table>', '1', '1c7e1de21f554a06a3', 'false', '2017-07-31 16:58:18', null);
INSERT INTO `notifymessage` VALUES ('341625633803075584', '<table style=\"height: 90px;font-family: \'微软雅黑\';color: white;\"><tr><td colspan=\'2\'>2017-07-26 17:05:56</td></tr><tr><td>ff</td></tr><tr><td>取出：1</td><td>存入：1</td></tr></table>', '1', '9a9a22820d5641dfaf', 'false', '2017-07-31 16:58:18', null);
INSERT INTO `notifymessage` VALUES ('341625633895350272', '<table style=\"height: 90px;font-family: \'微软雅黑\';color: white;\"><tr><td colspan=\'2\'>2017-07-26 17:05:56</td></tr><tr><td>ff</td></tr><tr><td>取出：1</td><td>存入：1</td></tr></table>', '1', 'e2f3089254664f5f89', 'true', '2017-07-31 16:58:18', null);
INSERT INTO `notifymessage` VALUES ('341625828766908416', '<table style=\"height: 90px;font-family: \'微软雅黑\';color: white;\"><tr><td colspan=\'2\'>2017-07-26 17:05:56</td></tr><tr><td>ff</td></tr><tr><td>取出：1</td><td>存入：1</td></tr></table>', '1', 'e2f3089254664f5f89', 'false', '2017-07-31 16:59:04', null);
INSERT INTO `notifymessage` VALUES ('341625828821434368', '<table style=\"height: 90px;font-family: \'微软雅黑\';color: white;\"><tr><td colspan=\'2\'>2017-07-26 17:05:56</td></tr><tr><td>ff</td></tr><tr><td>取出：1</td><td>存入：1</td></tr></table>', '1', '1c7e1de21f554a06a3', 'false', '2017-07-31 16:59:04', null);
INSERT INTO `notifymessage` VALUES ('341625828905320448', '<table style=\"height: 90px;font-family: \'微软雅黑\';color: white;\"><tr><td colspan=\'2\'>2017-07-26 17:05:56</td></tr><tr><td>ff</td></tr><tr><td>取出：1</td><td>存入：1</td></tr></table>', '1', '9a9a22820d5641dfaf', 'false', '2017-07-31 16:59:04', null);
INSERT INTO `notifymessage` VALUES ('341626041481035776', '<table style=\"height: 90px;font-family: \'微软雅黑\';color: white;\"><tr><td colspan=\'2\'>2017-07-26 17:05:56</td></tr><tr><td>ff</td></tr><tr><td>取出：1</td><td>存入：1</td></tr></table>', '1', 'e2f3089254664f5f89', 'false', '2017-07-31 16:59:55', null);
INSERT INTO `notifymessage` VALUES ('341626041569116160', '<table style=\"height: 90px;font-family: \'微软雅黑\';color: white;\"><tr><td colspan=\'2\'>2017-07-26 17:05:56</td></tr><tr><td>ff</td></tr><tr><td>取出：1</td><td>存入：1</td></tr></table>', '1', '1c7e1de21f554a06a3', 'false', '2017-07-31 16:59:55', null);
INSERT INTO `notifymessage` VALUES ('341626041657196544', '<table style=\"height: 90px;font-family: \'微软雅黑\';color: white;\"><tr><td colspan=\'2\'>2017-07-26 17:05:56</td></tr><tr><td>ff</td></tr><tr><td>取出：1</td><td>存入：1</td></tr></table>', '1', '9a9a22820d5641dfaf', 'false', '2017-07-31 16:59:55', null);
INSERT INTO `notifymessage` VALUES ('341626083013033984', '<table style=\"height: 90px;font-family: \'微软雅黑\';color: white;\"><tr><td colspan=\'2\'>2017-07-26 17:05:56</td></tr><tr><td>ff</td></tr><tr><td>取出：1</td><td>存入：1</td></tr></table>', '1', 'e2f3089254664f5f89', 'false', '2017-07-31 17:00:05', null);
INSERT INTO `notifymessage` VALUES ('341626083105308672', '<table style=\"height: 90px;font-family: \'微软雅黑\';color: white;\"><tr><td colspan=\'2\'>2017-07-26 17:05:56</td></tr><tr><td>ff</td></tr><tr><td>取出：1</td><td>存入：1</td></tr></table>', '1', '1c7e1de21f554a06a3', 'false', '2017-07-31 17:00:05', null);
INSERT INTO `notifymessage` VALUES ('341626083164028928', '<table style=\"height: 90px;font-family: \'微软雅黑\';color: white;\"><tr><td colspan=\'2\'>2017-07-26 17:05:56</td></tr><tr><td>ff</td></tr><tr><td>取出：1</td><td>存入：1</td></tr></table>', '1', '9a9a22820d5641dfaf', 'false', '2017-07-31 17:00:05', null);
INSERT INTO `notifymessage` VALUES ('341626121818734592', '<table style=\"height: 90px;font-family: \'微软雅黑\';color: white;\"><tr><td colspan=\'2\'>2017-07-26 17:05:56</td></tr><tr><td>ff</td></tr><tr><td>取出：1</td><td>存入：1</td></tr></table>', '1', '1c7e1de21f554a06a3', 'false', '2017-07-31 17:00:14', null);
INSERT INTO `notifymessage` VALUES ('341626121906814976', '<table style=\"height: 90px;font-family: \'微软雅黑\';color: white;\"><tr><td colspan=\'2\'>2017-07-26 17:05:56</td></tr><tr><td>ff</td></tr><tr><td>取出：1</td><td>存入：1</td></tr></table>', '1', '9a9a22820d5641dfaf', 'false', '2017-07-31 17:00:14', null);
INSERT INTO `notifymessage` VALUES ('341626122045227008', '<table style=\"height: 90px;font-family: \'微软雅黑\';color: white;\"><tr><td colspan=\'2\'>2017-07-26 17:05:56</td></tr><tr><td>ff</td></tr><tr><td>取出：1</td><td>存入：1</td></tr></table>', '1', 'e2f3089254664f5f89', 'true', '2017-07-31 17:00:14', null);
INSERT INTO `notifymessage` VALUES ('341626187979685888', '<table style=\"height: 90px;font-family: \'微软雅黑\';color: white;\"><tr><td colspan=\'2\'>2017-07-26 17:05:56</td></tr><tr><td>ff</td></tr><tr><td>取出：1</td><td>存入：1</td></tr></table>', '1', '1c7e1de21f554a06a3', 'false', '2017-07-31 17:00:30', null);
INSERT INTO `notifymessage` VALUES ('341626188067766272', '<table style=\"height: 90px;font-family: \'微软雅黑\';color: white;\"><tr><td colspan=\'2\'>2017-07-26 17:05:56</td></tr><tr><td>ff</td></tr><tr><td>取出：1</td><td>存入：1</td></tr></table>', '1', '9a9a22820d5641dfaf', 'false', '2017-07-31 17:00:30', null);
INSERT INTO `notifymessage` VALUES ('341626188122292224', '<table style=\"height: 90px;font-family: \'微软雅黑\';color: white;\"><tr><td colspan=\'2\'>2017-07-26 17:05:56</td></tr><tr><td>ff</td></tr><tr><td>取出：1</td><td>存入：1</td></tr></table>', '1', 'e2f3089254664f5f89', 'true', '2017-07-31 17:00:30', null);
INSERT INTO `notifymessage` VALUES ('341626821135040512', '<table style=\"height: 90px;font-family: \'微软雅黑\';color: white;font-weight: bolder;\"><tr><td colspan=\'2\'>2017-07-26 17:05:56</td></tr><tr><td>ff</td></tr><tr><td>取出：1</td><td>存入：1</td></tr></table>', '1', '1c7e1de21f554a06a3', 'false', '2017-07-31 17:03:01', null);
INSERT INTO `notifymessage` VALUES ('341626821214732288', '<table style=\"height: 90px;font-family: \'微软雅黑\';color: white;font-weight: bolder;\"><tr><td colspan=\'2\'>2017-07-26 17:05:56</td></tr><tr><td>ff</td></tr><tr><td>取出：1</td><td>存入：1</td></tr></table>', '1', '9a9a22820d5641dfaf', 'false', '2017-07-31 17:03:01', null);
INSERT INTO `notifymessage` VALUES ('341626821302812672', '<table style=\"height: 90px;font-family: \'微软雅黑\';color: white;font-weight: bolder;\"><tr><td colspan=\'2\'>2017-07-26 17:05:56</td></tr><tr><td>ff</td></tr><tr><td>取出：1</td><td>存入：1</td></tr></table>', '1', 'e2f3089254664f5f89', 'true', '2017-07-31 17:03:01', null);
INSERT INTO `notifymessage` VALUES ('341627069467197440', '<table style=\"height: 90px;font-family: \'微软雅黑\';color: white;font-weight: bolder;\"><tr><td colspan=\'2\'>2017-07-26 17:05:56</td></tr><tr><td>ff</td></tr><tr><td>取出：1</td><td>存入：1</td></tr></table>', '1', 'e2f3089254664f5f89', 'false', '2017-07-31 17:04:00', null);
INSERT INTO `notifymessage` VALUES ('341627069546889216', '<table style=\"height: 90px;font-family: \'微软雅黑\';color: white;font-weight: bolder;\"><tr><td colspan=\'2\'>2017-07-26 17:05:56</td></tr><tr><td>ff</td></tr><tr><td>取出：1</td><td>存入：1</td></tr></table>', '1', '1c7e1de21f554a06a3', 'false', '2017-07-31 17:04:00', null);
INSERT INTO `notifymessage` VALUES ('341627069639163904', '<table style=\"height: 90px;font-family: \'微软雅黑\';color: white;font-weight: bolder;\"><tr><td colspan=\'2\'>2017-07-26 17:05:56</td></tr><tr><td>ff</td></tr><tr><td>取出：1</td><td>存入：1</td></tr></table>', '1', '9a9a22820d5641dfaf', 'false', '2017-07-31 17:04:00', null);
INSERT INTO `notifymessage` VALUES ('341627069723049984', '<table style=\"height: 90px;font-family: \'微软雅黑\';color: white;font-weight: bolder;\"><tr><td colspan=\'2\'>2017-07-26 17:05:56</td></tr><tr><td>ff</td></tr><tr><td>取出：1</td><td>存入：1</td></tr></table>', '1', '8936a021dfee43bc8f', 'true', '2017-07-31 17:04:00', null);
INSERT INTO `notifymessage` VALUES ('341627241123282944', '<table style=\"height: 90px;font-family: \'微软雅黑\';color: white;font-weight: bolder;\"><tr><td colspan=\'2\'>2017-07-26 17:05:56</td></tr><tr><td>ff</td></tr><tr><td>取出：1</td><td>存入：1</td></tr></table>', '1', 'e2f3089254664f5f89', 'false', '2017-07-31 17:04:41', null);
INSERT INTO `notifymessage` VALUES ('341627241282666496', '<table style=\"height: 90px;font-family: \'微软雅黑\';color: white;font-weight: bolder;\"><tr><td colspan=\'2\'>2017-07-26 17:05:56</td></tr><tr><td>ff</td></tr><tr><td>取出：1</td><td>存入：1</td></tr></table>', '1', '1c7e1de21f554a06a3', 'false', '2017-07-31 17:04:41', null);
INSERT INTO `notifymessage` VALUES ('341627241370746880', '<table style=\"height: 90px;font-family: \'微软雅黑\';color: white;font-weight: bolder;\"><tr><td colspan=\'2\'>2017-07-26 17:05:56</td></tr><tr><td>ff</td></tr><tr><td>取出：1</td><td>存入：1</td></tr></table>', '1', '9a9a22820d5641dfaf', 'false', '2017-07-31 17:04:41', null);
INSERT INTO `notifymessage` VALUES ('341627241425272832', '<table style=\"height: 90px;font-family: \'微软雅黑\';color: white;font-weight: bolder;\"><tr><td colspan=\'2\'>2017-07-26 17:05:56</td></tr><tr><td>ff</td></tr><tr><td>取出：1</td><td>存入：1</td></tr></table>', '1', '8936a021dfee43bc8f', 'true', '2017-07-31 17:04:41', null);
INSERT INTO `notifymessage` VALUES ('341627414901686272', '<table style=\"height: 90px;font-family: \'微软雅黑\';color: white;font-weight: bolder;\"><tr><td colspan=\'2\'>2017-07-26 17:05:56</td></tr><tr><td>chechunli</td></tr><tr><td>取出：1</td><td>存入：1</td></tr></table>', '1', 'e2f3089254664f5f89', 'false', '2017-07-31 17:05:22', null);
INSERT INTO `notifymessage` VALUES ('341627415006543872', '<table style=\"height: 90px;font-family: \'微软雅黑\';color: white;font-weight: bolder;\"><tr><td colspan=\'2\'>2017-07-26 17:05:56</td></tr><tr><td>chechunli</td></tr><tr><td>取出：1</td><td>存入：1</td></tr></table>', '1', '1c7e1de21f554a06a3', 'false', '2017-07-31 17:05:22', null);
INSERT INTO `notifymessage` VALUES ('341627415061069824', '<table style=\"height: 90px;font-family: \'微软雅黑\';color: white;font-weight: bolder;\"><tr><td colspan=\'2\'>2017-07-26 17:05:56</td></tr><tr><td>chechunli</td></tr><tr><td>取出：1</td><td>存入：1</td></tr></table>', '1', '9a9a22820d5641dfaf', 'false', '2017-07-31 17:05:22', null);
INSERT INTO `notifymessage` VALUES ('341627415144955904', '<table style=\"height: 90px;font-family: \'微软雅黑\';color: white;font-weight: bolder;\"><tr><td colspan=\'2\'>2017-07-26 17:05:56</td></tr><tr><td>chechunli</td></tr><tr><td>取出：1</td><td>存入：1</td></tr></table>', '1', '8936a021dfee43bc8f', 'true', '2017-07-31 17:05:22', null);
INSERT INTO `notifymessage` VALUES ('341627469444415488', '<table style=\"height: 90px;font-family: \'微软雅黑\';color: white;font-weight: bolder;\"><tr><td colspan=\'2\'>2017-07-26 17:05:56</td></tr><tr><td>chechunli</td></tr><tr><td>取出：1</td><td>存入：1</td></tr></table>', '1', 'e2f3089254664f5f89', 'false', '2017-07-31 17:05:35', null);
INSERT INTO `notifymessage` VALUES ('341627469532495872', '<table style=\"height: 90px;font-family: \'微软雅黑\';color: white;font-weight: bolder;\"><tr><td colspan=\'2\'>2017-07-26 17:05:56</td></tr><tr><td>chechunli</td></tr><tr><td>取出：1</td><td>存入：1</td></tr></table>', '1', '1c7e1de21f554a06a3', 'false', '2017-07-31 17:05:35', null);
INSERT INTO `notifymessage` VALUES ('341627469587021824', '<table style=\"height: 90px;font-family: \'微软雅黑\';color: white;font-weight: bolder;\"><tr><td colspan=\'2\'>2017-07-26 17:05:56</td></tr><tr><td>chechunli</td></tr><tr><td>取出：1</td><td>存入：1</td></tr></table>', '1', '9a9a22820d5641dfaf', 'false', '2017-07-31 17:05:35', null);
INSERT INTO `notifymessage` VALUES ('341627469670907904', '<table style=\"height: 90px;font-family: \'微软雅黑\';color: white;font-weight: bolder;\"><tr><td colspan=\'2\'>2017-07-26 17:05:56</td></tr><tr><td>chechunli</td></tr><tr><td>取出：1</td><td>存入：1</td></tr></table>', '1', '8936a021dfee43bc8f', 'true', '2017-07-31 17:05:35', null);
INSERT INTO `notifymessage` VALUES ('341627632820944896', '<table style=\"height: 90px;font-family: \'微软雅黑\';color: white;font-weight: bolder;\"><tr><td colspan=\'2\'>2017-07-26 17:05:56</td></tr><tr><td>chechunli</td></tr><tr><td>取出：1</td><td>存入：1</td></tr></table>', '1', 'e2f3089254664f5f89', 'false', '2017-07-31 17:06:14', null);
INSERT INTO `notifymessage` VALUES ('341627632913219584', '<table style=\"height: 90px;font-family: \'微软雅黑\';color: white;font-weight: bolder;\"><tr><td colspan=\'2\'>2017-07-26 17:05:56</td></tr><tr><td>chechunli</td></tr><tr><td>取出：1</td><td>存入：1</td></tr></table>', '1', '1c7e1de21f554a06a3', 'false', '2017-07-31 17:06:14', null);
INSERT INTO `notifymessage` VALUES ('341627633106157568', '<table style=\"height: 90px;font-family: \'微软雅黑\';color: white;font-weight: bolder;\"><tr><td colspan=\'2\'>2017-07-26 17:05:56</td></tr><tr><td>chechunli</td></tr><tr><td>取出：1</td><td>存入：1</td></tr></table>', '1', '9a9a22820d5641dfaf', 'false', '2017-07-31 17:06:14', null);
INSERT INTO `notifymessage` VALUES ('341627633160683520', '<table style=\"height: 90px;font-family: \'微软雅黑\';color: white;font-weight: bolder;\"><tr><td colspan=\'2\'>2017-07-26 17:05:56</td></tr><tr><td>chechunli</td></tr><tr><td>取出：1</td><td>存入：1</td></tr></table>', '1', '8936a021dfee43bc8f', 'true', '2017-07-31 17:06:14', null);
INSERT INTO `notifymessage` VALUES ('341627860626178048', '<table style=\"height: 90px;font-family: \'微软雅黑\';color: white;font-weight: bolder;\"><tr><td colspan=\'2\'>2017-07-26 17:05:56</td></tr><tr><td>chechunli</td></tr><tr><td>取出：1</td><td>存入：1</td></tr></table>', '1', 'e2f3089254664f5f89', 'false', '2017-07-31 17:07:09', null);
INSERT INTO `notifymessage` VALUES ('341627860710064128', '<table style=\"height: 90px;font-family: \'微软雅黑\';color: white;font-weight: bolder;\"><tr><td colspan=\'2\'>2017-07-26 17:05:56</td></tr><tr><td>chechunli</td></tr><tr><td>取出：1</td><td>存入：1</td></tr></table>', '1', '1c7e1de21f554a06a3', 'false', '2017-07-31 17:07:09', null);
INSERT INTO `notifymessage` VALUES ('341627860760395776', '<table style=\"height: 90px;font-family: \'微软雅黑\';color: white;font-weight: bolder;\"><tr><td colspan=\'2\'>2017-07-26 17:05:56</td></tr><tr><td>chechunli</td></tr><tr><td>取出：1</td><td>存入：1</td></tr></table>', '1', '9a9a22820d5641dfaf', 'false', '2017-07-31 17:07:09', null);
INSERT INTO `notifymessage` VALUES ('341627860848476160', '<table style=\"height: 90px;font-family: \'微软雅黑\';color: white;font-weight: bolder;\"><tr><td colspan=\'2\'>2017-07-26 17:05:56</td></tr><tr><td>chechunli</td></tr><tr><td>取出：1</td><td>存入：1</td></tr></table>', '1', '8936a021dfee43bc8f', 'true', '2017-07-31 17:07:09', null);
INSERT INTO `notifymessage` VALUES ('341628442460028928', '<table style=\"height: 90px;font-family: \'微软雅黑\';color: white;font-weight: bolder;\"><tr><td colspan=\'2\'>2017-07-26 17:05:56</td></tr><tr><td>chechunli</td></tr><tr><td>取出：1</td><td>存入：1</td></tr></table>', '1', 'e2f3089254664f5f89', 'false', '2017-07-31 17:09:27', null);
INSERT INTO `notifymessage` VALUES ('341628442548109312', '<table style=\"height: 90px;font-family: \'微软雅黑\';color: white;font-weight: bolder;\"><tr><td colspan=\'2\'>2017-07-26 17:05:56</td></tr><tr><td>chechunli</td></tr><tr><td>取出：1</td><td>存入：1</td></tr></table>', '1', '1c7e1de21f554a06a3', 'false', '2017-07-31 17:09:27', null);
INSERT INTO `notifymessage` VALUES ('341628442602635264', '<table style=\"height: 90px;font-family: \'微软雅黑\';color: white;font-weight: bolder;\"><tr><td colspan=\'2\'>2017-07-26 17:05:56</td></tr><tr><td>chechunli</td></tr><tr><td>取出：1</td><td>存入：1</td></tr></table>', '1', '9a9a22820d5641dfaf', 'false', '2017-07-31 17:09:27', null);
INSERT INTO `notifymessage` VALUES ('341628442686521344', '<table style=\"height: 90px;font-family: \'微软雅黑\';color: white;font-weight: bolder;\"><tr><td colspan=\'2\'>2017-07-26 17:05:56</td></tr><tr><td>chechunli</td></tr><tr><td>取出：1</td><td>存入：1</td></tr></table>', '1', '8936a021dfee43bc8f', 'true', '2017-07-31 17:09:27', null);
INSERT INTO `notifymessage` VALUES ('341628478984028160', '<table style=\"height: 90px;font-family: \'微软雅黑\';color: white;font-weight: bolder;\"><tr><td colspan=\'2\'>2017-07-26 17:05:56</td></tr><tr><td>chechunli</td></tr><tr><td>取出：1</td><td>存入：1</td></tr></table>', '1', 'e2f3089254664f5f89', 'false', '2017-07-31 17:09:36', null);
INSERT INTO `notifymessage` VALUES ('341628479105662976', '<table style=\"height: 90px;font-family: \'微软雅黑\';color: white;font-weight: bolder;\"><tr><td colspan=\'2\'>2017-07-26 17:05:56</td></tr><tr><td>chechunli</td></tr><tr><td>取出：1</td><td>存入：1</td></tr></table>', '1', '1c7e1de21f554a06a3', 'false', '2017-07-31 17:09:36', null);
INSERT INTO `notifymessage` VALUES ('341628479281823744', '<table style=\"height: 90px;font-family: \'微软雅黑\';color: white;font-weight: bolder;\"><tr><td colspan=\'2\'>2017-07-26 17:05:56</td></tr><tr><td>chechunli</td></tr><tr><td>取出：1</td><td>存入：1</td></tr></table>', '1', '9a9a22820d5641dfaf', 'false', '2017-07-31 17:09:36', null);
INSERT INTO `notifymessage` VALUES ('341628479374098432', '<table style=\"height: 90px;font-family: \'微软雅黑\';color: white;font-weight: bolder;\"><tr><td colspan=\'2\'>2017-07-26 17:05:56</td></tr><tr><td>chechunli</td></tr><tr><td>取出：1</td><td>存入：1</td></tr></table>', '1', '8936a021dfee43bc8f', 'true', '2017-07-31 17:09:36', null);
INSERT INTO `notifymessage` VALUES ('341628911609708544', '<table style=\"height: 90px;font-family: \'微软雅黑\';color: white;font-weight: bolder;\"><tr><td colspan=\'2\'>2017-07-31 17:21:12</td></tr><tr><td>chechunli</td></tr><tr><td>取出：0</td><td>存入：2</td></tr></table>', '1', '1c7e1de21f554a06a3', 'false', '2017-07-31 17:11:19', null);
INSERT INTO `notifymessage` VALUES ('341628911706177536', '<table style=\"height: 90px;font-family: \'微软雅黑\';color: white;font-weight: bolder;\"><tr><td colspan=\'2\'>2017-07-31 17:21:12</td></tr><tr><td>chechunli</td></tr><tr><td>取出：0</td><td>存入：2</td></tr></table>', '1', '9a9a22820d5641dfaf', 'false', '2017-07-31 17:11:19', null);
INSERT INTO `notifymessage` VALUES ('341628911756509184', '<table style=\"height: 90px;font-family: \'微软雅黑\';color: white;font-weight: bolder;\"><tr><td colspan=\'2\'>2017-07-31 17:21:12</td></tr><tr><td>chechunli</td></tr><tr><td>取出：0</td><td>存入：2</td></tr></table>', '1', '8936a021dfee43bc8f', 'false', '2017-07-31 17:11:19', null);
INSERT INTO `notifymessage` VALUES ('341628911844589568', '<table style=\"height: 90px;font-family: \'微软雅黑\';color: white;font-weight: bolder;\"><tr><td colspan=\'2\'>2017-07-31 17:21:12</td></tr><tr><td>chechunli</td></tr><tr><td>取出：0</td><td>存入：2</td></tr></table>', '1', 'e2f3089254664f5f89', 'true', '2017-07-31 17:11:19', null);
INSERT INTO `notifymessage` VALUES ('341629199770976256', '<table style=\"height: 90px;font-family: \'微软雅黑\';color: white;font-weight: bolder;\"><tr><td colspan=\'2\'>2017-07-26 17:05:56</td></tr><tr><td>chechunli</td></tr><tr><td>取出：1</td><td>存入：1</td></tr></table>', '1', '1c7e1de21f554a06a3', 'false', '2017-07-31 17:12:28', null);
INSERT INTO `notifymessage` VALUES ('341629199846473728', '<table style=\"height: 90px;font-family: \'微软雅黑\';color: white;font-weight: bolder;\"><tr><td colspan=\'2\'>2017-07-26 17:05:56</td></tr><tr><td>chechunli</td></tr><tr><td>取出：1</td><td>存入：1</td></tr></table>', '1', '9a9a22820d5641dfaf', 'false', '2017-07-31 17:12:28', null);
INSERT INTO `notifymessage` VALUES ('341629199900999680', '<table style=\"height: 90px;font-family: \'微软雅黑\';color: white;font-weight: bolder;\"><tr><td colspan=\'2\'>2017-07-26 17:05:56</td></tr><tr><td>chechunli</td></tr><tr><td>取出：1</td><td>存入：1</td></tr></table>', '1', '8936a021dfee43bc8f', 'false', '2017-07-31 17:12:28', null);
INSERT INTO `notifymessage` VALUES ('341629199968108544', '<table style=\"height: 90px;font-family: \'微软雅黑\';color: white;font-weight: bolder;\"><tr><td colspan=\'2\'>2017-07-26 17:05:56</td></tr><tr><td>chechunli</td></tr><tr><td>取出：1</td><td>存入：1</td></tr></table>', '1', 'e2f3089254664f5f89', 'true', '2017-07-31 17:12:28', null);
INSERT INTO `notifymessage` VALUES ('341629208012783616', '<table style=\"height: 90px;font-family: \'微软雅黑\';color: white;font-weight: bolder;\"><tr><td colspan=\'2\'>2017-07-26 17:05:56</td></tr><tr><td>chechunli</td></tr><tr><td>取出：1</td><td>存入：1</td></tr></table>', '1', '1c7e1de21f554a06a3', 'false', '2017-07-31 17:12:30', null);
INSERT INTO `notifymessage` VALUES ('341629208092475392', '<table style=\"height: 90px;font-family: \'微软雅黑\';color: white;font-weight: bolder;\"><tr><td colspan=\'2\'>2017-07-26 17:05:56</td></tr><tr><td>chechunli</td></tr><tr><td>取出：1</td><td>存入：1</td></tr></table>', '1', '9a9a22820d5641dfaf', 'false', '2017-07-31 17:12:30', null);
INSERT INTO `notifymessage` VALUES ('341629208147001344', '<table style=\"height: 90px;font-family: \'微软雅黑\';color: white;font-weight: bolder;\"><tr><td colspan=\'2\'>2017-07-26 17:05:56</td></tr><tr><td>chechunli</td></tr><tr><td>取出：1</td><td>存入：1</td></tr></table>', '1', '8936a021dfee43bc8f', 'false', '2017-07-31 17:12:30', null);
INSERT INTO `notifymessage` VALUES ('341629208235081728', '<table style=\"height: 90px;font-family: \'微软雅黑\';color: white;font-weight: bolder;\"><tr><td colspan=\'2\'>2017-07-26 17:05:56</td></tr><tr><td>chechunli</td></tr><tr><td>取出：1</td><td>存入：1</td></tr></table>', '1', 'e2f3089254664f5f89', 'true', '2017-07-31 17:12:30', null);
INSERT INTO `notifymessage` VALUES ('341629321418375168', '<table style=\"height: 90px;font-family: \'微软雅黑\';color: white;font-weight: bolder;\"><tr><td colspan=\'2\'>2017-07-26 17:05:56</td></tr><tr><td>chechunli</td></tr><tr><td>取出：1</td><td>存入：1</td></tr></table>', '1', '1c7e1de21f554a06a3', 'false', '2017-07-31 17:12:57', null);
INSERT INTO `notifymessage` VALUES ('341629321510649856', '<table style=\"height: 90px;font-family: \'微软雅黑\';color: white;font-weight: bolder;\"><tr><td colspan=\'2\'>2017-07-26 17:05:56</td></tr><tr><td>chechunli</td></tr><tr><td>取出：1</td><td>存入：1</td></tr></table>', '1', '9a9a22820d5641dfaf', 'false', '2017-07-31 17:12:57', null);
INSERT INTO `notifymessage` VALUES ('341629321703587840', '<table style=\"height: 90px;font-family: \'微软雅黑\';color: white;font-weight: bolder;\"><tr><td colspan=\'2\'>2017-07-26 17:05:56</td></tr><tr><td>chechunli</td></tr><tr><td>取出：1</td><td>存入：1</td></tr></table>', '1', '8936a021dfee43bc8f', 'false', '2017-07-31 17:12:57', null);
INSERT INTO `notifymessage` VALUES ('341629321787473920', '<table style=\"height: 90px;font-family: \'微软雅黑\';color: white;font-weight: bolder;\"><tr><td colspan=\'2\'>2017-07-26 17:05:56</td></tr><tr><td>chechunli</td></tr><tr><td>取出：1</td><td>存入：1</td></tr></table>', '1', 'e2f3089254664f5f89', 'true', '2017-07-31 17:12:57', null);
INSERT INTO `notifymessage` VALUES ('341630499808083968', '<table style=\"height: 90px;font-family: \'微软雅黑\';color: white;font-weight: bolder;\"><tr><td colspan=\'2\'>2017-07-26 17:05:56</td></tr><tr><td>chechunli</td></tr><tr><td>取出：1</td><td>存入：1</td></tr></table>', '1', '1c7e1de21f554a06a3', 'false', '2017-07-31 17:17:38', null);
INSERT INTO `notifymessage` VALUES ('341630499887775744', '<table style=\"height: 90px;font-family: \'微软雅黑\';color: white;font-weight: bolder;\"><tr><td colspan=\'2\'>2017-07-26 17:05:56</td></tr><tr><td>chechunli</td></tr><tr><td>取出：1</td><td>存入：1</td></tr></table>', '1', '9a9a22820d5641dfaf', 'false', '2017-07-31 17:17:38', null);
INSERT INTO `notifymessage` VALUES ('341630499971661824', '<table style=\"height: 90px;font-family: \'微软雅黑\';color: white;font-weight: bolder;\"><tr><td colspan=\'2\'>2017-07-26 17:05:56</td></tr><tr><td>chechunli</td></tr><tr><td>取出：1</td><td>存入：1</td></tr></table>', '1', '8936a021dfee43bc8f', 'false', '2017-07-31 17:17:38', null);
INSERT INTO `notifymessage` VALUES ('341630500059742208', '<table style=\"height: 90px;font-family: \'微软雅黑\';color: white;font-weight: bolder;\"><tr><td colspan=\'2\'>2017-07-26 17:05:56</td></tr><tr><td>chechunli</td></tr><tr><td>取出：1</td><td>存入：1</td></tr></table>', '1', 'e2f3089254664f5f89', 'true', '2017-07-31 17:17:38', null);
INSERT INTO `notifymessage` VALUES ('341630531428941824', '<table style=\"height: 90px;font-family: \'微软雅黑\';color: white;font-weight: bolder;\"><tr><td colspan=\'2\'>2017-07-26 17:05:56</td></tr><tr><td>chechunli</td></tr><tr><td>取出：1</td><td>存入：1</td></tr></table>', '1', '1c7e1de21f554a06a3', 'false', '2017-07-31 17:17:45', null);
INSERT INTO `notifymessage` VALUES ('341630531517022208', '<table style=\"height: 90px;font-family: \'微软雅黑\';color: white;font-weight: bolder;\"><tr><td colspan=\'2\'>2017-07-26 17:05:56</td></tr><tr><td>chechunli</td></tr><tr><td>取出：1</td><td>存入：1</td></tr></table>', '1', '9a9a22820d5641dfaf', 'false', '2017-07-31 17:17:45', null);
INSERT INTO `notifymessage` VALUES ('341630531743514624', '<table style=\"height: 90px;font-family: \'微软雅黑\';color: white;font-weight: bolder;\"><tr><td colspan=\'2\'>2017-07-26 17:05:56</td></tr><tr><td>chechunli</td></tr><tr><td>取出：1</td><td>存入：1</td></tr></table>', '1', '8936a021dfee43bc8f', 'false', '2017-07-31 17:17:45', null);
INSERT INTO `notifymessage` VALUES ('341630531835789312', '<table style=\"height: 90px;font-family: \'微软雅黑\';color: white;font-weight: bolder;\"><tr><td colspan=\'2\'>2017-07-26 17:05:56</td></tr><tr><td>chechunli</td></tr><tr><td>取出：1</td><td>存入：1</td></tr></table>', '1', 'e2f3089254664f5f89', 'true', '2017-07-31 17:17:45', null);
INSERT INTO `notifymessage` VALUES ('341630560931676160', '<table style=\"height: 90px;font-family: \'微软雅黑\';color: white;font-weight: bolder;\"><tr><td colspan=\'2\'>2017-07-26 17:05:56</td></tr><tr><td>chechunli</td></tr><tr><td>取出：1</td><td>存入：1</td></tr></table>', '1', '1c7e1de21f554a06a3', 'false', '2017-07-31 17:17:52', null);
INSERT INTO `notifymessage` VALUES ('341630561015562240', '<table style=\"height: 90px;font-family: \'微软雅黑\';color: white;font-weight: bolder;\"><tr><td colspan=\'2\'>2017-07-26 17:05:56</td></tr><tr><td>chechunli</td></tr><tr><td>取出：1</td><td>存入：1</td></tr></table>', '1', '9a9a22820d5641dfaf', 'false', '2017-07-31 17:17:52', null);
INSERT INTO `notifymessage` VALUES ('341630561103642624', '<table style=\"height: 90px;font-family: \'微软雅黑\';color: white;font-weight: bolder;\"><tr><td colspan=\'2\'>2017-07-26 17:05:56</td></tr><tr><td>chechunli</td></tr><tr><td>取出：1</td><td>存入：1</td></tr></table>', '1', '8936a021dfee43bc8f', 'false', '2017-07-31 17:17:52', null);
INSERT INTO `notifymessage` VALUES ('341630561191723008', '<table style=\"height: 90px;font-family: \'微软雅黑\';color: white;font-weight: bolder;\"><tr><td colspan=\'2\'>2017-07-26 17:05:56</td></tr><tr><td>chechunli</td></tr><tr><td>取出：1</td><td>存入：1</td></tr></table>', '1', 'e2f3089254664f5f89', 'true', '2017-07-31 17:17:52', null);
INSERT INTO `notifymessage` VALUES ('341630593185873920', '<table style=\"height: 90px;font-family: \'微软雅黑\';color: white;font-weight: bolder;\"><tr><td colspan=\'2\'>2017-07-26 17:05:56</td></tr><tr><td>chechunli</td></tr><tr><td>取出：1</td><td>存入：1</td></tr></table>', '1', '1c7e1de21f554a06a3', 'false', '2017-07-31 17:18:00', null);
INSERT INTO `notifymessage` VALUES ('341630593282342912', '<table style=\"height: 90px;font-family: \'微软雅黑\';color: white;font-weight: bolder;\"><tr><td colspan=\'2\'>2017-07-26 17:05:56</td></tr><tr><td>chechunli</td></tr><tr><td>取出：1</td><td>存入：1</td></tr></table>', '1', '9a9a22820d5641dfaf', 'false', '2017-07-31 17:18:00', null);
INSERT INTO `notifymessage` VALUES ('341630593366228992', '<table style=\"height: 90px;font-family: \'微软雅黑\';color: white;font-weight: bolder;\"><tr><td colspan=\'2\'>2017-07-26 17:05:56</td></tr><tr><td>chechunli</td></tr><tr><td>取出：1</td><td>存入：1</td></tr></table>', '1', '8936a021dfee43bc8f', 'false', '2017-07-31 17:18:00', null);
INSERT INTO `notifymessage` VALUES ('341630593454309376', '<table style=\"height: 90px;font-family: \'微软雅黑\';color: white;font-weight: bolder;\"><tr><td colspan=\'2\'>2017-07-26 17:05:56</td></tr><tr><td>chechunli</td></tr><tr><td>取出：1</td><td>存入：1</td></tr></table>', '1', 'e2f3089254664f5f89', 'true', '2017-07-31 17:18:00', null);
INSERT INTO `notifymessage` VALUES ('341630620276883456', '<table style=\"height: 90px;font-family: \'微软雅黑\';color: white;font-weight: bolder;\"><tr><td colspan=\'2\'>2017-07-26 17:05:56</td></tr><tr><td>chechunli</td></tr><tr><td>取出：1</td><td>存入：1</td></tr></table>', '1', '1c7e1de21f554a06a3', 'false', '2017-07-31 17:18:07', null);
INSERT INTO `notifymessage` VALUES ('341630620331409408', '<table style=\"height: 90px;font-family: \'微软雅黑\';color: white;font-weight: bolder;\"><tr><td colspan=\'2\'>2017-07-26 17:05:56</td></tr><tr><td>chechunli</td></tr><tr><td>取出：1</td><td>存入：1</td></tr></table>', '1', '9a9a22820d5641dfaf', 'false', '2017-07-31 17:18:07', null);
INSERT INTO `notifymessage` VALUES ('341630620415295488', '<table style=\"height: 90px;font-family: \'微软雅黑\';color: white;font-weight: bolder;\"><tr><td colspan=\'2\'>2017-07-26 17:05:56</td></tr><tr><td>chechunli</td></tr><tr><td>取出：1</td><td>存入：1</td></tr></table>', '1', '8936a021dfee43bc8f', 'false', '2017-07-31 17:18:07', null);
INSERT INTO `notifymessage` VALUES ('341630620503375872', '<table style=\"height: 90px;font-family: \'微软雅黑\';color: white;font-weight: bolder;\"><tr><td colspan=\'2\'>2017-07-26 17:05:56</td></tr><tr><td>chechunli</td></tr><tr><td>取出：1</td><td>存入：1</td></tr></table>', '1', 'e2f3089254664f5f89', 'true', '2017-07-31 17:18:07', null);
INSERT INTO `notifymessage` VALUES ('341631879549550592', '<table style=\"height: 90px;font-family: \'微软雅黑\';color: white;font-weight: bolder;\"><tr><td colspan=\'2\'>2017-07-31 17:33:00</td></tr><tr><td>chechunli</td></tr><tr><td>取出：5</td><td>存入：0</td></tr></table>', '1', 'e2f3089254664f5f89', 'false', '2017-07-31 17:23:07', null);
INSERT INTO `notifymessage` VALUES ('341631879650213888', '<table style=\"height: 90px;font-family: \'微软雅黑\';color: white;font-weight: bolder;\"><tr><td colspan=\'2\'>2017-07-31 17:33:00</td></tr><tr><td>chechunli</td></tr><tr><td>取出：5</td><td>存入：0</td></tr></table>', '1', '1c7e1de21f554a06a3', 'false', '2017-07-31 17:23:07', null);
INSERT INTO `notifymessage` VALUES ('341631880065449984', '<table style=\"height: 90px;font-family: \'微软雅黑\';color: white;font-weight: bolder;\"><tr><td colspan=\'2\'>2017-07-31 17:33:00</td></tr><tr><td>chechunli</td></tr><tr><td>取出：5</td><td>存入：0</td></tr></table>', '1', '9a9a22820d5641dfaf', 'false', '2017-07-31 17:23:07', null);
INSERT INTO `notifymessage` VALUES ('341631880157724672', '<table style=\"height: 90px;font-family: \'微软雅黑\';color: white;font-weight: bolder;\"><tr><td colspan=\'2\'>2017-07-31 17:33:00</td></tr><tr><td>chechunli</td></tr><tr><td>取出：5</td><td>存入：0</td></tr></table>', '1', '8936a021dfee43bc8f', 'false', '2017-07-31 17:23:07', null);
INSERT INTO `notifymessage` VALUES ('341632189772857344', '<table style=\"height: 90px;font-family: \'微软雅黑\';color: white;font-weight: bolder;\"><tr><td colspan=\'2\'>2017-07-31 17:34:13</td></tr><tr><td>chechunli</td></tr><tr><td>取出：0</td><td>存入：3</td></tr></table>', '1', 'e2f3089254664f5f89', 'false', '2017-07-31 17:24:21', null);
INSERT INTO `notifymessage` VALUES ('341632189844160512', '<table style=\"height: 90px;font-family: \'微软雅黑\';color: white;font-weight: bolder;\"><tr><td colspan=\'2\'>2017-07-31 17:34:13</td></tr><tr><td>chechunli</td></tr><tr><td>取出：0</td><td>存入：3</td></tr></table>', '1', '1c7e1de21f554a06a3', 'false', '2017-07-31 17:24:21', null);
INSERT INTO `notifymessage` VALUES ('341632190020321280', '<table style=\"height: 90px;font-family: \'微软雅黑\';color: white;font-weight: bolder;\"><tr><td colspan=\'2\'>2017-07-31 17:34:13</td></tr><tr><td>chechunli</td></tr><tr><td>取出：0</td><td>存入：3</td></tr></table>', '1', '9a9a22820d5641dfaf', 'false', '2017-07-31 17:24:21', null);
INSERT INTO `notifymessage` VALUES ('341632190414585856', '<table style=\"height: 90px;font-family: \'微软雅黑\';color: white;font-weight: bolder;\"><tr><td colspan=\'2\'>2017-07-31 17:34:13</td></tr><tr><td>chechunli</td></tr><tr><td>取出：0</td><td>存入：3</td></tr></table>', '1', '8936a021dfee43bc8f', 'false', '2017-07-31 17:24:21', null);
INSERT INTO `notifymessage` VALUES ('341632598662971392', '<table style=\"height: 90px;font-family: \'微软雅黑\';color: white;font-weight: bolder;\"><tr><td colspan=\'2\'>2017-07-26 17:05:56</td></tr><tr><td>chechunli</td></tr><tr><td>取出：1</td><td>存入：1</td></tr></table>', '1', 'e2f3089254664f5f89', 'false', '2017-07-31 17:25:58', null);
INSERT INTO `notifymessage` VALUES ('341632598746857472', '<table style=\"height: 90px;font-family: \'微软雅黑\';color: white;font-weight: bolder;\"><tr><td colspan=\'2\'>2017-07-26 17:05:56</td></tr><tr><td>chechunli</td></tr><tr><td>取出：1</td><td>存入：1</td></tr></table>', '1', '1c7e1de21f554a06a3', 'false', '2017-07-31 17:25:58', null);
INSERT INTO `notifymessage` VALUES ('341632598834937856', '<table style=\"height: 90px;font-family: \'微软雅黑\';color: white;font-weight: bolder;\"><tr><td colspan=\'2\'>2017-07-26 17:05:56</td></tr><tr><td>chechunli</td></tr><tr><td>取出：1</td><td>存入：1</td></tr></table>', '1', '9a9a22820d5641dfaf', 'false', '2017-07-31 17:25:58', null);
INSERT INTO `notifymessage` VALUES ('341632598923018240', '<table style=\"height: 90px;font-family: \'微软雅黑\';color: white;font-weight: bolder;\"><tr><td colspan=\'2\'>2017-07-26 17:05:56</td></tr><tr><td>chechunli</td></tr><tr><td>取出：1</td><td>存入：1</td></tr></table>', '1', '8936a021dfee43bc8f', 'false', '2017-07-31 17:25:58', null);
INSERT INTO `notifymessage` VALUES ('341632664161222656', '<table style=\"height: 90px;font-family: \'微软雅黑\';color: white;font-weight: bolder;\"><tr><td colspan=\'2\'>2017-07-26 17:05:56</td></tr><tr><td>chechunli</td></tr><tr><td>取出：1</td><td>存入：1</td></tr></table>', '1', '1c7e1de21f554a06a3', 'false', '2017-07-31 17:26:14', null);
INSERT INTO `notifymessage` VALUES ('341632664245108736', '<table style=\"height: 90px;font-family: \'微软雅黑\';color: white;font-weight: bolder;\"><tr><td colspan=\'2\'>2017-07-26 17:05:56</td></tr><tr><td>chechunli</td></tr><tr><td>取出：1</td><td>存入：1</td></tr></table>', '1', '9a9a22820d5641dfaf', 'false', '2017-07-31 17:26:14', null);
INSERT INTO `notifymessage` VALUES ('341632664333189120', '<table style=\"height: 90px;font-family: \'微软雅黑\';color: white;font-weight: bolder;\"><tr><td colspan=\'2\'>2017-07-26 17:05:56</td></tr><tr><td>chechunli</td></tr><tr><td>取出：1</td><td>存入：1</td></tr></table>', '1', '8936a021dfee43bc8f', 'false', '2017-07-31 17:26:14', null);
INSERT INTO `notifymessage` VALUES ('341632664421269504', '<table style=\"height: 90px;font-family: \'微软雅黑\';color: white;font-weight: bolder;\"><tr><td colspan=\'2\'>2017-07-26 17:05:56</td></tr><tr><td>chechunli</td></tr><tr><td>取出：1</td><td>存入：1</td></tr></table>', '1', 'e2f3089254664f5f89', 'true', '2017-07-31 17:26:14', null);
INSERT INTO `notifymessage` VALUES ('341633953188282368', '<table style=\"height: 90px;font-family: \'微软雅黑\';color: white;font-weight: bolder;\"><tr><td colspan=\'2\'>2017-07-31 17:41:14</td></tr><tr><td>chechunli</td></tr><tr><td>取出：3</td><td>存入：0</td></tr></table>', '1', 'e2f3089254664f5f89', 'false', '2017-07-31 17:31:21', null);
INSERT INTO `notifymessage` VALUES ('341633953259585536', '<table style=\"height: 90px;font-family: \'微软雅黑\';color: white;font-weight: bolder;\"><tr><td colspan=\'2\'>2017-07-31 17:41:14</td></tr><tr><td>chechunli</td></tr><tr><td>取出：3</td><td>存入：0</td></tr></table>', '1', '1c7e1de21f554a06a3', 'false', '2017-07-31 17:31:21', null);
INSERT INTO `notifymessage` VALUES ('341633953343471616', '<table style=\"height: 90px;font-family: \'微软雅黑\';color: white;font-weight: bolder;\"><tr><td colspan=\'2\'>2017-07-31 17:41:14</td></tr><tr><td>chechunli</td></tr><tr><td>取出：3</td><td>存入：0</td></tr></table>', '1', '9a9a22820d5641dfaf', 'false', '2017-07-31 17:31:21', null);
INSERT INTO `notifymessage` VALUES ('341633953431552000', '<table style=\"height: 90px;font-family: \'微软雅黑\';color: white;font-weight: bolder;\"><tr><td colspan=\'2\'>2017-07-31 17:41:14</td></tr><tr><td>chechunli</td></tr><tr><td>取出：3</td><td>存入：0</td></tr></table>', '1', '8936a021dfee43bc8f', 'false', '2017-07-31 17:31:21', null);
INSERT INTO `notifymessage` VALUES ('341638773014003712', '<table style=\"height: 90px;font-family: \'微软雅黑\';color: white;font-weight: bolder;\"><tr><td colspan=\'2\'>2017-07-31 17:50:30</td></tr><tr><td>cs</td></tr><tr><td>取出：0</td><td>存入：5</td></tr></table>', '1', '1c7e1de21f554a06a3', 'false', '2017-07-31 17:50:30', null);
INSERT INTO `notifymessage` VALUES ('341638773152415744', '<table style=\"height: 90px;font-family: \'微软雅黑\';color: white;font-weight: bolder;\"><tr><td colspan=\'2\'>2017-07-31 17:50:30</td></tr><tr><td>cs</td></tr><tr><td>取出：0</td><td>存入：5</td></tr></table>', '1', '9a9a22820d5641dfaf', 'false', '2017-07-31 17:50:30', null);
INSERT INTO `notifymessage` VALUES ('341638773328576512', '<table style=\"height: 90px;font-family: \'微软雅黑\';color: white;font-weight: bolder;\"><tr><td colspan=\'2\'>2017-07-31 17:50:30</td></tr><tr><td>cs</td></tr><tr><td>取出：0</td><td>存入：5</td></tr></table>', '1', '8936a021dfee43bc8f', 'false', '2017-07-31 17:50:30', null);
INSERT INTO `notifymessage` VALUES ('341638773416656896', '<table style=\"height: 90px;font-family: \'微软雅黑\';color: white;font-weight: bolder;\"><tr><td colspan=\'2\'>2017-07-31 17:50:30</td></tr><tr><td>cs</td></tr><tr><td>取出：0</td><td>存入：5</td></tr></table>', '1', 'e2f3089254664f5f89', 'true', '2017-07-31 17:50:30', null);
INSERT INTO `notifymessage` VALUES ('341639003201601536', '<table style=\"height: 90px;font-family: \'微软雅黑\';color: white;font-weight: bolder;\"><tr><td colspan=\'2\'>2017-07-31 17:51:25</td></tr><tr><td>cs</td></tr><tr><td>取出：3</td><td>存入：0</td></tr></table>', '1', '1c7e1de21f554a06a3', 'false', '2017-07-31 17:51:25', null);
INSERT INTO `notifymessage` VALUES ('341639003289681920', '<table style=\"height: 90px;font-family: \'微软雅黑\';color: white;font-weight: bolder;\"><tr><td colspan=\'2\'>2017-07-31 17:51:25</td></tr><tr><td>cs</td></tr><tr><td>取出：3</td><td>存入：0</td></tr></table>', '1', '9a9a22820d5641dfaf', 'false', '2017-07-31 17:51:25', null);
INSERT INTO `notifymessage` VALUES ('341639003344207872', '<table style=\"height: 90px;font-family: \'微软雅黑\';color: white;font-weight: bolder;\"><tr><td colspan=\'2\'>2017-07-31 17:51:25</td></tr><tr><td>cs</td></tr><tr><td>取出：3</td><td>存入：0</td></tr></table>', '1', '8936a021dfee43bc8f', 'false', '2017-07-31 17:51:25', null);
INSERT INTO `notifymessage` VALUES ('341639003432288256', '<table style=\"height: 90px;font-family: \'微软雅黑\';color: white;font-weight: bolder;\"><tr><td colspan=\'2\'>2017-07-31 17:51:25</td></tr><tr><td>cs</td></tr><tr><td>取出：3</td><td>存入：0</td></tr></table>', '1', 'e2f3089254664f5f89', 'true', '2017-07-31 17:51:25', null);
INSERT INTO `notifymessage` VALUES ('341639123922059264', '<table style=\"height: 90px;font-family: \'微软雅黑\';color: white;font-weight: bolder;\"><tr><td colspan=\'2\'>2017-07-31 17:51:54</td></tr><tr><td>cs</td></tr><tr><td>取出：0</td><td>存入：2</td></tr></table>', '1', '1c7e1de21f554a06a3', 'false', '2017-07-31 17:51:54', null);
INSERT INTO `notifymessage` VALUES ('341639123997556736', '<table style=\"height: 90px;font-family: \'微软雅黑\';color: white;font-weight: bolder;\"><tr><td colspan=\'2\'>2017-07-31 17:51:54</td></tr><tr><td>cs</td></tr><tr><td>取出：0</td><td>存入：2</td></tr></table>', '1', '9a9a22820d5641dfaf', 'false', '2017-07-31 17:51:54', null);
INSERT INTO `notifymessage` VALUES ('341639124085637120', '<table style=\"height: 90px;font-family: \'微软雅黑\';color: white;font-weight: bolder;\"><tr><td colspan=\'2\'>2017-07-31 17:51:54</td></tr><tr><td>cs</td></tr><tr><td>取出：0</td><td>存入：2</td></tr></table>', '1', '8936a021dfee43bc8f', 'false', '2017-07-31 17:51:54', null);
INSERT INTO `notifymessage` VALUES ('341639124173717504', '<table style=\"height: 90px;font-family: \'微软雅黑\';color: white;font-weight: bolder;\"><tr><td colspan=\'2\'>2017-07-31 17:51:54</td></tr><tr><td>cs</td></tr><tr><td>取出：0</td><td>存入：2</td></tr></table>', '1', 'e2f3089254664f5f89', 'true', '2017-07-31 17:51:54', null);
INSERT INTO `notifymessage` VALUES ('341639268944314368', '<table style=\"height: 90px;font-family: \'微软雅黑\';color: white;font-weight: bolder;\"><tr><td colspan=\'2\'>2017-07-31 17:52:28</td></tr><tr><td>cs</td></tr><tr><td>取出：4</td><td>存入：0</td></tr></table>', '1', '1c7e1de21f554a06a3', 'false', '2017-07-31 17:52:29', null);
INSERT INTO `notifymessage` VALUES ('341639269011423232', '<table style=\"height: 90px;font-family: \'微软雅黑\';color: white;font-weight: bolder;\"><tr><td colspan=\'2\'>2017-07-31 17:52:28</td></tr><tr><td>cs</td></tr><tr><td>取出：4</td><td>存入：0</td></tr></table>', '1', '9a9a22820d5641dfaf', 'false', '2017-07-31 17:52:29', null);
INSERT INTO `notifymessage` VALUES ('341639269099503616', '<table style=\"height: 90px;font-family: \'微软雅黑\';color: white;font-weight: bolder;\"><tr><td colspan=\'2\'>2017-07-31 17:52:28</td></tr><tr><td>cs</td></tr><tr><td>取出：4</td><td>存入：0</td></tr></table>', '1', '8936a021dfee43bc8f', 'false', '2017-07-31 17:52:29', null);
INSERT INTO `notifymessage` VALUES ('341639269258887168', '<table style=\"height: 90px;font-family: \'微软雅黑\';color: white;font-weight: bolder;\"><tr><td colspan=\'2\'>2017-07-31 17:52:28</td></tr><tr><td>cs</td></tr><tr><td>取出：4</td><td>存入：0</td></tr></table>', '1', 'e2f3089254664f5f89', 'true', '2017-07-31 17:52:29', null);
INSERT INTO `notifymessage` VALUES ('341639356324249600', '<table style=\"height: 90px;font-family: \'微软雅黑\';color: white;font-weight: bolder;\"><tr><td colspan=\'2\'>2017-07-31 17:52:49</td></tr><tr><td>cs</td></tr><tr><td>取出：0</td><td>存入：1</td></tr></table>', '1', '1c7e1de21f554a06a3', 'false', '2017-07-31 17:52:49', null);
INSERT INTO `notifymessage` VALUES ('341639356441690112', '<table style=\"height: 90px;font-family: \'微软雅黑\';color: white;font-weight: bolder;\"><tr><td colspan=\'2\'>2017-07-31 17:52:49</td></tr><tr><td>cs</td></tr><tr><td>取出：0</td><td>存入：1</td></tr></table>', '1', '9a9a22820d5641dfaf', 'false', '2017-07-31 17:52:49', null);
INSERT INTO `notifymessage` VALUES ('341639356496216064', '<table style=\"height: 90px;font-family: \'微软雅黑\';color: white;font-weight: bolder;\"><tr><td colspan=\'2\'>2017-07-31 17:52:49</td></tr><tr><td>cs</td></tr><tr><td>取出：0</td><td>存入：1</td></tr></table>', '1', '8936a021dfee43bc8f', 'false', '2017-07-31 17:52:49', null);
INSERT INTO `notifymessage` VALUES ('341639356634628096', '<table style=\"height: 90px;font-family: \'微软雅黑\';color: white;font-weight: bolder;\"><tr><td colspan=\'2\'>2017-07-31 17:52:49</td></tr><tr><td>cs</td></tr><tr><td>取出：0</td><td>存入：1</td></tr></table>', '1', 'e2f3089254664f5f89', 'true', '2017-07-31 17:52:49', null);
INSERT INTO `notifymessage` VALUES ('341639529762914304', '<table style=\"height: 90px;font-family: \'微软雅黑\';color: white;font-weight: bolder;\"><tr><td colspan=\'2\'>2017-07-31 17:53:31</td></tr><tr><td>cs</td></tr><tr><td>取出：0</td><td>存入：1</td></tr></table>', '1', '1c7e1de21f554a06a3', 'false', '2017-07-31 17:53:31', null);
INSERT INTO `notifymessage` VALUES ('341639529834217472', '<table style=\"height: 90px;font-family: \'微软雅黑\';color: white;font-weight: bolder;\"><tr><td colspan=\'2\'>2017-07-31 17:53:31</td></tr><tr><td>cs</td></tr><tr><td>取出：0</td><td>存入：1</td></tr></table>', '1', '9a9a22820d5641dfaf', 'false', '2017-07-31 17:53:31', null);
INSERT INTO `notifymessage` VALUES ('341639529960046592', '<table style=\"height: 90px;font-family: \'微软雅黑\';color: white;font-weight: bolder;\"><tr><td colspan=\'2\'>2017-07-31 17:53:31</td></tr><tr><td>cs</td></tr><tr><td>取出：0</td><td>存入：1</td></tr></table>', '1', '8936a021dfee43bc8f', 'false', '2017-07-31 17:53:31', null);
INSERT INTO `notifymessage` VALUES ('341639530043932672', '<table style=\"height: 90px;font-family: \'微软雅黑\';color: white;font-weight: bolder;\"><tr><td colspan=\'2\'>2017-07-31 17:53:31</td></tr><tr><td>cs</td></tr><tr><td>取出：0</td><td>存入：1</td></tr></table>', '1', 'e2f3089254664f5f89', 'true', '2017-07-31 17:53:31', null);
INSERT INTO `notifymessage` VALUES ('341639646486200320', '<table style=\"height: 90px;font-family: \'微软雅黑\';color: white;font-weight: bolder;\"><tr><td colspan=\'2\'>2017-07-31 17:53:58</td></tr><tr><td>cs</td></tr><tr><td>取出：1</td><td>存入：1</td></tr></table>', '1', '1c7e1de21f554a06a3', 'false', '2017-07-31 17:53:59', null);
INSERT INTO `notifymessage` VALUES ('341639646523949056', '<table style=\"height: 90px;font-family: \'微软雅黑\';color: white;font-weight: bolder;\"><tr><td colspan=\'2\'>2017-07-31 17:53:58</td></tr><tr><td>cs</td></tr><tr><td>取出：1</td><td>存入：1</td></tr></table>', '1', '9a9a22820d5641dfaf', 'false', '2017-07-31 17:53:59', null);
INSERT INTO `notifymessage` VALUES ('341639646612029440', '<table style=\"height: 90px;font-family: \'微软雅黑\';color: white;font-weight: bolder;\"><tr><td colspan=\'2\'>2017-07-31 17:53:58</td></tr><tr><td>cs</td></tr><tr><td>取出：1</td><td>存入：1</td></tr></table>', '1', '8936a021dfee43bc8f', 'false', '2017-07-31 17:53:59', null);
INSERT INTO `notifymessage` VALUES ('341639646662361088', '<table style=\"height: 90px;font-family: \'微软雅黑\';color: white;font-weight: bolder;\"><tr><td colspan=\'2\'>2017-07-31 17:53:58</td></tr><tr><td>cs</td></tr><tr><td>取出：1</td><td>存入：1</td></tr></table>', '1', 'e2f3089254664f5f89', 'true', '2017-07-31 17:53:59', null);
INSERT INTO `notifymessage` VALUES ('341639977504866304', '<table style=\"height: 90px;font-family: \'微软雅黑\';color: white;font-weight: bolder;\"><tr><td colspan=\'2\'>2017-07-31 17:55:17</td></tr><tr><td>cs</td></tr><tr><td>取出：2</td><td>存入：0</td></tr></table>', '1', '1c7e1de21f554a06a3', 'false', '2017-07-31 17:55:18', null);
INSERT INTO `notifymessage` VALUES ('341639977605529600', '<table style=\"height: 90px;font-family: \'微软雅黑\';color: white;font-weight: bolder;\"><tr><td colspan=\'2\'>2017-07-31 17:55:17</td></tr><tr><td>cs</td></tr><tr><td>取出：2</td><td>存入：0</td></tr></table>', '1', '9a9a22820d5641dfaf', 'false', '2017-07-31 17:55:18', null);
INSERT INTO `notifymessage` VALUES ('341639977664249856', '<table style=\"height: 90px;font-family: \'微软雅黑\';color: white;font-weight: bolder;\"><tr><td colspan=\'2\'>2017-07-31 17:55:17</td></tr><tr><td>cs</td></tr><tr><td>取出：2</td><td>存入：0</td></tr></table>', '1', '8936a021dfee43bc8f', 'false', '2017-07-31 17:55:18', null);
INSERT INTO `notifymessage` VALUES ('341639977743941632', '<table style=\"height: 90px;font-family: \'微软雅黑\';color: white;font-weight: bolder;\"><tr><td colspan=\'2\'>2017-07-31 17:55:17</td></tr><tr><td>cs</td></tr><tr><td>取出：2</td><td>存入：0</td></tr></table>', '1', 'e2f3089254664f5f89', 'true', '2017-07-31 17:55:18', null);
INSERT INTO `notifymessage` VALUES ('341640084186988544', '<table style=\"height: 90px;font-family: \'微软雅黑\';color: white;font-weight: bolder;\"><tr><td colspan=\'2\'>2017-07-31 17:55:42</td></tr><tr><td>cs</td></tr><tr><td>取出：0</td><td>存入：4</td></tr></table>', '1', '1c7e1de21f554a06a3', 'false', '2017-07-31 17:55:43', null);
INSERT INTO `notifymessage` VALUES ('341640084228931584', '<table style=\"height: 90px;font-family: \'微软雅黑\';color: white;font-weight: bolder;\"><tr><td colspan=\'2\'>2017-07-31 17:55:42</td></tr><tr><td>cs</td></tr><tr><td>取出：0</td><td>存入：4</td></tr></table>', '1', '9a9a22820d5641dfaf', 'false', '2017-07-31 17:55:43', null);
INSERT INTO `notifymessage` VALUES ('341640084308623360', '<table style=\"height: 90px;font-family: \'微软雅黑\';color: white;font-weight: bolder;\"><tr><td colspan=\'2\'>2017-07-31 17:55:42</td></tr><tr><td>cs</td></tr><tr><td>取出：0</td><td>存入：4</td></tr></table>', '1', '8936a021dfee43bc8f', 'false', '2017-07-31 17:55:43', null);
INSERT INTO `notifymessage` VALUES ('341640084367343616', '<table style=\"height: 90px;font-family: \'微软雅黑\';color: white;font-weight: bolder;\"><tr><td colspan=\'2\'>2017-07-31 17:55:42</td></tr><tr><td>cs</td></tr><tr><td>取出：0</td><td>存入：4</td></tr></table>', '1', 'e2f3089254664f5f89', 'true', '2017-07-31 17:55:43', null);
INSERT INTO `notifymessage` VALUES ('341640175165636608', '<table style=\"height: 90px;font-family: \'微软雅黑\';color: white;font-weight: bolder;\"><tr><td colspan=\'2\'>2017-07-31 17:56:04</td></tr><tr><td>cs</td></tr><tr><td>取出：2</td><td>存入：0</td></tr></table>', '1', '1c7e1de21f554a06a3', 'false', '2017-07-31 17:56:05', null);
INSERT INTO `notifymessage` VALUES ('341640175203385344', '<table style=\"height: 90px;font-family: \'微软雅黑\';color: white;font-weight: bolder;\"><tr><td colspan=\'2\'>2017-07-31 17:56:04</td></tr><tr><td>cs</td></tr><tr><td>取出：2</td><td>存入：0</td></tr></table>', '1', '9a9a22820d5641dfaf', 'false', '2017-07-31 17:56:05', null);
INSERT INTO `notifymessage` VALUES ('341640175287271424', '<table style=\"height: 90px;font-family: \'微软雅黑\';color: white;font-weight: bolder;\"><tr><td colspan=\'2\'>2017-07-31 17:56:04</td></tr><tr><td>cs</td></tr><tr><td>取出：2</td><td>存入：0</td></tr></table>', '1', '8936a021dfee43bc8f', 'false', '2017-07-31 17:56:05', null);
INSERT INTO `notifymessage` VALUES ('341640175345991680', '<table style=\"height: 90px;font-family: \'微软雅黑\';color: white;font-weight: bolder;\"><tr><td colspan=\'2\'>2017-07-31 17:56:04</td></tr><tr><td>cs</td></tr><tr><td>取出：2</td><td>存入：0</td></tr></table>', '1', 'e2f3089254664f5f89', 'true', '2017-07-31 17:56:05', null);
INSERT INTO `notifymessage` VALUES ('341640259345317888', '<table style=\"height: 90px;font-family: \'微软雅黑\';color: white;font-weight: bolder;\"><tr><td colspan=\'2\'>2017-07-31 17:56:24</td></tr><tr><td>cs</td></tr><tr><td>取出：0</td><td>存入：2</td></tr></table>', '1', '1c7e1de21f554a06a3', 'false', '2017-07-31 17:56:25', null);
INSERT INTO `notifymessage` VALUES ('341640259412426752', '<table style=\"height: 90px;font-family: \'微软雅黑\';color: white;font-weight: bolder;\"><tr><td colspan=\'2\'>2017-07-31 17:56:24</td></tr><tr><td>cs</td></tr><tr><td>取出：0</td><td>存入：2</td></tr></table>', '1', '9a9a22820d5641dfaf', 'false', '2017-07-31 17:56:25', null);
INSERT INTO `notifymessage` VALUES ('341640259471147008', '<table style=\"height: 90px;font-family: \'微软雅黑\';color: white;font-weight: bolder;\"><tr><td colspan=\'2\'>2017-07-31 17:56:24</td></tr><tr><td>cs</td></tr><tr><td>取出：0</td><td>存入：2</td></tr></table>', '1', '8936a021dfee43bc8f', 'false', '2017-07-31 17:56:25', null);
INSERT INTO `notifymessage` VALUES ('341640259555033088', '<table style=\"height: 90px;font-family: \'微软雅黑\';color: white;font-weight: bolder;\"><tr><td colspan=\'2\'>2017-07-31 17:56:24</td></tr><tr><td>cs</td></tr><tr><td>取出：0</td><td>存入：2</td></tr></table>', '1', 'e2f3089254664f5f89', 'true', '2017-07-31 17:56:25', null);
INSERT INTO `notifymessage` VALUES ('341640346360348672', '<table style=\"height: 90px;font-family: \'微软雅黑\';color: white;font-weight: bolder;\"><tr><td colspan=\'2\'>2017-07-31 17:56:45</td></tr><tr><td>cs</td></tr><tr><td>取出：1</td><td>存入：0</td></tr></table>', '1', '1c7e1de21f554a06a3', 'false', '2017-07-31 17:56:45', null);
INSERT INTO `notifymessage` VALUES ('341640346481983488', '<table style=\"height: 90px;font-family: \'微软雅黑\';color: white;font-weight: bolder;\"><tr><td colspan=\'2\'>2017-07-31 17:56:45</td></tr><tr><td>cs</td></tr><tr><td>取出：1</td><td>存入：0</td></tr></table>', '1', '9a9a22820d5641dfaf', 'false', '2017-07-31 17:56:45', null);
INSERT INTO `notifymessage` VALUES ('341640346540703744', '<table style=\"height: 90px;font-family: \'微软雅黑\';color: white;font-weight: bolder;\"><tr><td colspan=\'2\'>2017-07-31 17:56:45</td></tr><tr><td>cs</td></tr><tr><td>取出：1</td><td>存入：0</td></tr></table>', '1', '8936a021dfee43bc8f', 'false', '2017-07-31 17:56:45', null);
INSERT INTO `notifymessage` VALUES ('341640346624589824', '<table style=\"height: 90px;font-family: \'微软雅黑\';color: white;font-weight: bolder;\"><tr><td colspan=\'2\'>2017-07-31 17:56:45</td></tr><tr><td>cs</td></tr><tr><td>取出：1</td><td>存入：0</td></tr></table>', '1', 'e2f3089254664f5f89', 'true', '2017-07-31 17:56:46', null);
INSERT INTO `notifymessage` VALUES ('341640435199901696', '<table style=\"height: 90px;font-family: \'微软雅黑\';color: white;font-weight: bolder;\"><tr><td colspan=\'2\'>2017-07-31 17:57:06</td></tr><tr><td>cs</td></tr><tr><td>取出：1</td><td>存入：1</td></tr></table>', '1', '1c7e1de21f554a06a3', 'false', '2017-07-31 17:57:07', null);
INSERT INTO `notifymessage` VALUES ('341640435292176384', '<table style=\"height: 90px;font-family: \'微软雅黑\';color: white;font-weight: bolder;\"><tr><td colspan=\'2\'>2017-07-31 17:57:06</td></tr><tr><td>cs</td></tr><tr><td>取出：1</td><td>存入：1</td></tr></table>', '1', '9a9a22820d5641dfaf', 'false', '2017-07-31 17:57:07', null);
INSERT INTO `notifymessage` VALUES ('341640435350896640', '<table style=\"height: 90px;font-family: \'微软雅黑\';color: white;font-weight: bolder;\"><tr><td colspan=\'2\'>2017-07-31 17:57:06</td></tr><tr><td>cs</td></tr><tr><td>取出：1</td><td>存入：1</td></tr></table>', '1', '8936a021dfee43bc8f', 'false', '2017-07-31 17:57:07', null);
INSERT INTO `notifymessage` VALUES ('341640435434782720', '<table style=\"height: 90px;font-family: \'微软雅黑\';color: white;font-weight: bolder;\"><tr><td colspan=\'2\'>2017-07-31 17:57:06</td></tr><tr><td>cs</td></tr><tr><td>取出：1</td><td>存入：1</td></tr></table>', '1', 'e2f3089254664f5f89', 'true', '2017-07-31 17:57:07', null);
INSERT INTO `notifymessage` VALUES ('341640585100132352', '<table style=\"height: 90px;font-family: \'微软雅黑\';color: white;font-weight: bolder;\"><tr><td colspan=\'2\'>2017-07-31 17:57:42</td></tr><tr><td>cs</td></tr><tr><td>取出：3</td><td>存入：0</td></tr></table>', '1', '1c7e1de21f554a06a3', 'false', '2017-07-31 17:57:42', null);
INSERT INTO `notifymessage` VALUES ('341640585163046912', '<table style=\"height: 90px;font-family: \'微软雅黑\';color: white;font-weight: bolder;\"><tr><td colspan=\'2\'>2017-07-31 17:57:42</td></tr><tr><td>cs</td></tr><tr><td>取出：3</td><td>存入：0</td></tr></table>', '1', '9a9a22820d5641dfaf', 'false', '2017-07-31 17:57:42', null);
INSERT INTO `notifymessage` VALUES ('341640585259515904', '<table style=\"height: 90px;font-family: \'微软雅黑\';color: white;font-weight: bolder;\"><tr><td colspan=\'2\'>2017-07-31 17:57:42</td></tr><tr><td>cs</td></tr><tr><td>取出：3</td><td>存入：0</td></tr></table>', '1', '8936a021dfee43bc8f', 'false', '2017-07-31 17:57:42', null);
INSERT INTO `notifymessage` VALUES ('341640585339207680', '<table style=\"height: 90px;font-family: \'微软雅黑\';color: white;font-weight: bolder;\"><tr><td colspan=\'2\'>2017-07-31 17:57:42</td></tr><tr><td>cs</td></tr><tr><td>取出：3</td><td>存入：0</td></tr></table>', '1', 'e2f3089254664f5f89', 'true', '2017-07-31 17:57:42', null);
INSERT INTO `notifymessage` VALUES ('341640755850248192', '<table style=\"height: 90px;font-family: \'微软雅黑\';color: white;font-weight: bolder;\"><tr><td colspan=\'2\'>2017-07-31 17:58:22</td></tr><tr><td>cs</td></tr><tr><td>取出：0</td><td>存入：2</td></tr></table>', '1', '1c7e1de21f554a06a3', 'false', '2017-07-31 17:58:23', null);
INSERT INTO `notifymessage` VALUES ('341640755892191232', '<table style=\"height: 90px;font-family: \'微软雅黑\';color: white;font-weight: bolder;\"><tr><td colspan=\'2\'>2017-07-31 17:58:22</td></tr><tr><td>cs</td></tr><tr><td>取出：0</td><td>存入：2</td></tr></table>', '1', '9a9a22820d5641dfaf', 'false', '2017-07-31 17:58:23', null);
INSERT INTO `notifymessage` VALUES ('341640755971883008', '<table style=\"height: 90px;font-family: \'微软雅黑\';color: white;font-weight: bolder;\"><tr><td colspan=\'2\'>2017-07-31 17:58:22</td></tr><tr><td>cs</td></tr><tr><td>取出：0</td><td>存入：2</td></tr></table>', '1', '8936a021dfee43bc8f', 'false', '2017-07-31 17:58:23', null);
INSERT INTO `notifymessage` VALUES ('341640756034797568', '<table style=\"height: 90px;font-family: \'微软雅黑\';color: white;font-weight: bolder;\"><tr><td colspan=\'2\'>2017-07-31 17:58:22</td></tr><tr><td>cs</td></tr><tr><td>取出：0</td><td>存入：2</td></tr></table>', '1', 'e2f3089254664f5f89', 'true', '2017-07-31 17:58:23', null);
INSERT INTO `notifymessage` VALUES ('341648339403538432', '<table style=\"height: 90px;font-family: \'微软雅黑\';color: white;font-weight: bolder;\"><tr><td colspan=\'2\'>2017-07-31 18:28:30</td></tr><tr><td>chechunli</td></tr><tr><td>取出：1</td><td>存入：0</td></tr></table>', '1', 'e2f3089254664f5f89', 'false', '2017-07-31 18:28:31', null);
INSERT INTO `notifymessage` VALUES ('341648339445481472', '<table style=\"height: 90px;font-family: \'微软雅黑\';color: white;font-weight: bolder;\"><tr><td colspan=\'2\'>2017-07-31 18:28:30</td></tr><tr><td>chechunli</td></tr><tr><td>取出：1</td><td>存入：0</td></tr></table>', '1', '1c7e1de21f554a06a3', 'false', '2017-07-31 18:28:31', null);
INSERT INTO `notifymessage` VALUES ('341648339525173248', '<table style=\"height: 90px;font-family: \'微软雅黑\';color: white;font-weight: bolder;\"><tr><td colspan=\'2\'>2017-07-31 18:28:30</td></tr><tr><td>chechunli</td></tr><tr><td>取出：1</td><td>存入：0</td></tr></table>', '1', '9a9a22820d5641dfaf', 'false', '2017-07-31 18:28:31', null);
INSERT INTO `notifymessage` VALUES ('341648339588087808', '<table style=\"height: 90px;font-family: \'微软雅黑\';color: white;font-weight: bolder;\"><tr><td colspan=\'2\'>2017-07-31 18:28:30</td></tr><tr><td>chechunli</td></tr><tr><td>取出：1</td><td>存入：0</td></tr></table>', '1', '8936a021dfee43bc8f', 'false', '2017-07-31 18:28:31', null);
INSERT INTO `notifymessage` VALUES ('341651638567567360', '<table style=\"height: 90px;font-family: \'微软雅黑\';color: white;font-weight: bolder;\"><tr><td colspan=\'2\'>2017-07-31 18:41:37</td></tr><tr><td>chechunli</td></tr><tr><td>取出：1</td><td>存入：0</td></tr></table>', '1', '1c7e1de21f554a06a3', 'false', '2017-07-31 18:41:38', null);
INSERT INTO `notifymessage` VALUES ('341651638739533824', '<table style=\"height: 90px;font-family: \'微软雅黑\';color: white;font-weight: bolder;\"><tr><td colspan=\'2\'>2017-07-31 18:41:37</td></tr><tr><td>chechunli</td></tr><tr><td>取出：1</td><td>存入：0</td></tr></table>', '1', '9a9a22820d5641dfaf', 'false', '2017-07-31 18:41:38', null);
INSERT INTO `notifymessage` VALUES ('341651638815031296', '<table style=\"height: 90px;font-family: \'微软雅黑\';color: white;font-weight: bolder;\"><tr><td colspan=\'2\'>2017-07-31 18:41:37</td></tr><tr><td>chechunli</td></tr><tr><td>取出：1</td><td>存入：0</td></tr></table>', '1', '8936a021dfee43bc8f', 'false', '2017-07-31 18:41:38', null);
INSERT INTO `notifymessage` VALUES ('341651638877945856', '<table style=\"height: 90px;font-family: \'微软雅黑\';color: white;font-weight: bolder;\"><tr><td colspan=\'2\'>2017-07-31 18:41:37</td></tr><tr><td>chechunli</td></tr><tr><td>取出：1</td><td>存入：0</td></tr></table>', '1', 'e2f3089254664f5f89', 'true', '2017-07-31 18:41:38', null);
INSERT INTO `notifymessage` VALUES ('341654240206258176', '<table style=\"height: 90px;font-family: \'微软雅黑\';color: white;font-weight: bolder;\"><tr><td colspan=\'2\'>2017-07-26 17:05:56</td></tr><tr><td>chechunli</td></tr><tr><td>取出：1</td><td>存入：1</td></tr></table>', '1', 'e2f3089254664f5f89', 'false', '2017-07-31 18:51:58', null);
INSERT INTO `notifymessage` VALUES ('341654240340475904', '<table style=\"height: 90px;font-family: \'微软雅黑\';color: white;font-weight: bolder;\"><tr><td colspan=\'2\'>2017-07-26 17:05:56</td></tr><tr><td>chechunli</td></tr><tr><td>取出：1</td><td>存入：1</td></tr></table>', '1', '1c7e1de21f554a06a3', 'false', '2017-07-31 18:51:58', null);
INSERT INTO `notifymessage` VALUES ('341654240395001856', '<table style=\"height: 90px;font-family: \'微软雅黑\';color: white;font-weight: bolder;\"><tr><td colspan=\'2\'>2017-07-26 17:05:56</td></tr><tr><td>chechunli</td></tr><tr><td>取出：1</td><td>存入：1</td></tr></table>', '1', '9a9a22820d5641dfaf', 'false', '2017-07-31 18:51:58', null);
INSERT INTO `notifymessage` VALUES ('341654240504053760', '<table style=\"height: 90px;font-family: \'微软雅黑\';color: white;font-weight: bolder;\"><tr><td colspan=\'2\'>2017-07-26 17:05:56</td></tr><tr><td>chechunli</td></tr><tr><td>取出：1</td><td>存入：1</td></tr></table>', '1', '8936a021dfee43bc8f', 'false', '2017-07-31 18:51:58', null);
INSERT INTO `notifymessage` VALUES ('341654275706847232', '<table style=\"height: 90px;font-family: \'微软雅黑\';color: white;font-weight: bolder;\"><tr><td colspan=\'2\'>2017-07-26 17:05:56</td></tr><tr><td>chechunli</td></tr><tr><td>取出：1</td><td>存入：1</td></tr></table>', '1', '1c7e1de21f554a06a3', 'false', '2017-07-31 18:52:06', null);
INSERT INTO `notifymessage` VALUES ('341654275765567488', '<table style=\"height: 90px;font-family: \'微软雅黑\';color: white;font-weight: bolder;\"><tr><td colspan=\'2\'>2017-07-26 17:05:56</td></tr><tr><td>chechunli</td></tr><tr><td>取出：1</td><td>存入：1</td></tr></table>', '1', '9a9a22820d5641dfaf', 'false', '2017-07-31 18:52:06', null);
INSERT INTO `notifymessage` VALUES ('341654275845259264', '<table style=\"height: 90px;font-family: \'微软雅黑\';color: white;font-weight: bolder;\"><tr><td colspan=\'2\'>2017-07-26 17:05:56</td></tr><tr><td>chechunli</td></tr><tr><td>取出：1</td><td>存入：1</td></tr></table>', '1', '8936a021dfee43bc8f', 'false', '2017-07-31 18:52:06', null);
INSERT INTO `notifymessage` VALUES ('341654275903979520', '<table style=\"height: 90px;font-family: \'微软雅黑\';color: white;font-weight: bolder;\"><tr><td colspan=\'2\'>2017-07-26 17:05:56</td></tr><tr><td>chechunli</td></tr><tr><td>取出：1</td><td>存入：1</td></tr></table>', '1', 'e2f3089254664f5f89', 'true', '2017-07-31 18:52:07', null);
INSERT INTO `notifymessage` VALUES ('341654446226276352', '<table style=\"height: 90px;font-family: \'微软雅黑\';color: white;font-weight: bolder;\"><tr><td colspan=\'2\'>2017-07-26 17:05:56</td></tr><tr><td>chechunli</td></tr><tr><td>取出：1</td><td>存入：1</td></tr></table>', '1', '1c7e1de21f554a06a3', 'false', '2017-07-31 18:52:47', null);
INSERT INTO `notifymessage` VALUES ('341654446293385216', '<table style=\"height: 90px;font-family: \'微软雅黑\';color: white;font-weight: bolder;\"><tr><td colspan=\'2\'>2017-07-26 17:05:56</td></tr><tr><td>chechunli</td></tr><tr><td>取出：1</td><td>存入：1</td></tr></table>', '1', '9a9a22820d5641dfaf', 'false', '2017-07-31 18:52:47', null);
INSERT INTO `notifymessage` VALUES ('341654446373076992', '<table style=\"height: 90px;font-family: \'微软雅黑\';color: white;font-weight: bolder;\"><tr><td colspan=\'2\'>2017-07-26 17:05:56</td></tr><tr><td>chechunli</td></tr><tr><td>取出：1</td><td>存入：1</td></tr></table>', '1', '8936a021dfee43bc8f', 'false', '2017-07-31 18:52:47', null);
INSERT INTO `notifymessage` VALUES ('341654446431797248', '<table style=\"height: 90px;font-family: \'微软雅黑\';color: white;font-weight: bolder;\"><tr><td colspan=\'2\'>2017-07-26 17:05:56</td></tr><tr><td>chechunli</td></tr><tr><td>取出：1</td><td>存入：1</td></tr></table>', '1', 'e2f3089254664f5f89', 'true', '2017-07-31 18:52:47', null);
INSERT INTO `notifymessage` VALUES ('346369353421160448', '<table style=\"height: 90px;font-family: \'微软雅黑\';color: white;font-weight: bolder;\"><tr><td colspan=\'2\'>2017-08-13 19:09:20</td></tr><tr><td>chechunli</td></tr><tr><td>取出：0</td><td>存入：1</td></tr></table>', '1', '1c7e1de21f554a06a3', 'false', '2017-08-13 19:08:09', null);
INSERT INTO `notifymessage` VALUES ('346369353500852224', '<table style=\"height: 90px;font-family: \'微软雅黑\';color: white;font-weight: bolder;\"><tr><td colspan=\'2\'>2017-08-13 19:09:20</td></tr><tr><td>chechunli</td></tr><tr><td>取出：0</td><td>存入：1</td></tr></table>', '1', '9a9a22820d5641dfaf', 'false', '2017-08-13 19:08:09', null);
INSERT INTO `notifymessage` VALUES ('346369353597321216', '<table style=\"height: 90px;font-family: \'微软雅黑\';color: white;font-weight: bolder;\"><tr><td colspan=\'2\'>2017-08-13 19:09:20</td></tr><tr><td>chechunli</td></tr><tr><td>取出：0</td><td>存入：1</td></tr></table>', '1', '8936a021dfee43bc8f', 'false', '2017-08-13 19:08:09', null);
INSERT INTO `notifymessage` VALUES ('346369353660235776', '<table style=\"height: 90px;font-family: \'微软雅黑\';color: white;font-weight: bolder;\"><tr><td colspan=\'2\'>2017-08-13 19:09:20</td></tr><tr><td>chechunli</td></tr><tr><td>取出：0</td><td>存入：1</td></tr></table>', '1', 'e2f3089254664f5f89', 'true', '2017-08-13 19:08:09', null);
INSERT INTO `notifymessage` VALUES ('346371271874838528', '<table style=\"height: 90px;font-family: \'微软雅黑\';color: white;font-weight: bolder;\"><tr><td colspan=\'2\'>2017-08-13 19:16:58</td></tr><tr><td>chechunli</td></tr><tr><td>取出：1</td><td>存入：0</td></tr></table>', '1', '1c7e1de21f554a06a3', 'false', '2017-08-13 19:15:46', null);
INSERT INTO `notifymessage` VALUES ('346371271946141696', '<table style=\"height: 90px;font-family: \'微软雅黑\';color: white;font-weight: bolder;\"><tr><td colspan=\'2\'>2017-08-13 19:16:58</td></tr><tr><td>chechunli</td></tr><tr><td>取出：1</td><td>存入：0</td></tr></table>', '1', '9a9a22820d5641dfaf', 'false', '2017-08-13 19:15:46', null);
INSERT INTO `notifymessage` VALUES ('346371272017444864', '<table style=\"height: 90px;font-family: \'微软雅黑\';color: white;font-weight: bolder;\"><tr><td colspan=\'2\'>2017-08-13 19:16:58</td></tr><tr><td>chechunli</td></tr><tr><td>取出：1</td><td>存入：0</td></tr></table>', '1', '8936a021dfee43bc8f', 'false', '2017-08-13 19:15:46', null);
INSERT INTO `notifymessage` VALUES ('346371272084553728', '<table style=\"height: 90px;font-family: \'微软雅黑\';color: white;font-weight: bolder;\"><tr><td colspan=\'2\'>2017-08-13 19:16:58</td></tr><tr><td>chechunli</td></tr><tr><td>取出：1</td><td>存入：0</td></tr></table>', '1', 'e2f3089254664f5f89', 'true', '2017-08-13 19:15:46', null);

-- ----------------------------
-- Table structure for notifytopic
-- ----------------------------
DROP TABLE IF EXISTS `notifytopic`;
CREATE TABLE `notifytopic` (
  `id` varchar(64) CHARACTER SET utf8 COLLATE utf8_bin NOT NULL,
  `userId` varchar(64) CHARACTER SET utf8 COLLATE utf8_bin DEFAULT NULL,
  `userName` varchar(255) CHARACTER SET utf8 COLLATE utf8_bin DEFAULT NULL,
  `fieldId` varchar(255) CHARACTER SET utf8 COLLATE utf8_bin DEFAULT NULL,
  PRIMARY KEY (`id`)
) ENGINE=InnoDB DEFAULT CHARSET=utf8;

-- ----------------------------
-- Records of notifytopic
-- ----------------------------
INSERT INTO `notifytopic` VALUES ('1', 'e2f3089254664f5f89', 'ff', '1');
INSERT INTO `notifytopic` VALUES ('2', '1c7e1de21f554a06a3', 'cs', '1');
INSERT INTO `notifytopic` VALUES ('3', 'e2f3089254664f5f89', 'ff', '2');
INSERT INTO `notifytopic` VALUES ('4', '9a9a22820d5641dfaf', 'ccl', '1');
INSERT INTO `notifytopic` VALUES ('5', '8936a021dfee43bc8f', 'chechunli', '1');

-- ----------------------------
-- Table structure for product
-- ----------------------------
DROP TABLE IF EXISTS `product`;
CREATE TABLE `product` (
  `id` varchar(64) NOT NULL,
  `rfid_code` varchar(64) DEFAULT NULL COMMENT 'rfid编号',
  `dictionary_id` varchar(64) DEFAULT NULL COMMENT '密品类型id',
  `model` varchar(64) DEFAULT NULL COMMENT '密品型号',
  `pro_code` varchar(64) DEFAULT NULL COMMENT '列装号',
  `ser_num` varchar(64) DEFAULT NULL COMMENT '出厂编号',
  `sysUser_id` varchar(64) DEFAULT NULL COMMENT '责任人id',
  `level` varchar(64) DEFAULT NULL COMMENT '密级',
  `location_id` varchar(64) DEFAULT NULL COMMENT '位置id',
  `location_info` varchar(64) DEFAULT NULL COMMENT '位置描述',
  `application_id` varchar(64) DEFAULT NULL COMMENT '所属系统id',
  `product_id` varchar(64) DEFAULT NULL COMMENT '主设备编号id',
  `create_time` varchar(64) DEFAULT NULL,
  `update_time` varchar(64) DEFAULT NULL,
  `status` varchar(64) DEFAULT NULL,
  `info` varchar(100) DEFAULT NULL,
  `storage` varchar(64) DEFAULT NULL COMMENT '库存数量-0707添加',
  PRIMARY KEY (`id`)
) ENGINE=InnoDB DEFAULT CHARSET=utf8 COMMENT='密品信息';

-- ----------------------------
-- Records of product
-- ----------------------------
INSERT INTO `product` VALUES ('339141982678941696', '030000000093', '4', 'SBMPXH0001', 'SBLZH000111', 'SBCCBH0001', 'e2f3089254664f5f89', null, '339133170035195904', null, '339133595857715200', null, '2017-07-24 20:29:09', '2017-07-24 \r\n\r\n21:56:46', '1', '公安部监视大厅', '1');
INSERT INTO `product` VALUES ('339141982678941698', '010000000209', '1', null, null, null, 'e2f3089254664f5f89', null, '339133170035195904', null, null, '339141982678941696', '2017-07-24 20:29:09', '2017-07-24 21:56:46', '1', '系统启动优\r\n\r\n盘', '1');
INSERT INTO `product` VALUES ('339141982678941700', '040000000091', '14', null, null, null, 'e2f3089254664f5f89', null, '339133170035195904', null, null, '339141982678941696', '2017-07-24 20:29:09', '2017-07-24 21:56:46', '1', '驱动网\r\n\r\n卡', '1');
INSERT INTO `product` VALUES ('339141982683136000', '000000000098', '3', null, null, null, 'e2f3089254664f5f89', null, '339133170035195904', null, null, '339141982678941696', '2017-07-24 20:29:09', '2017-07-24 21:56:46', '1', '系统说明文\r\n\r\n件', '1');
INSERT INTO `product` VALUES ('339141982683136002', '030000000285', '4', 'SBMPXH0001', 'SBLZH000112', 'SBCCBH0002', 'e2f3089254664f5f89', null, '339133170035195904', null, '339133595857715200', null, '2017-07-24 20:29:09', '2017-07-24 \r\n\r\n21:56:46', '1', '公安部监视大厅', '1');
INSERT INTO `product` VALUES ('339141982683136004', '010000000213', '1', null, null, null, 'e2f3089254664f5f89', null, '339132972294733824', null, null, '339141982683136002', '2017-07-24 20:29:09', '2017-07-24 21:56:45', '1', '系统启动优\r\n\r\n盘', '1');
INSERT INTO `product` VALUES ('339141982683136006', '040000000093', '14', null, null, null, 'e2f3089254664f5f89', null, '339132972294733824', null, null, '339141982683136002', '2017-07-24 20:29:09', '2017-07-24 21:56:45', '1', '驱动网\r\n\r\n卡', '1');
INSERT INTO `product` VALUES ('339141982683136008', '000000000015', '3', null, null, null, 'e2f3089254664f5f89', null, '339132972294733824', null, null, '339141982683136002', '2017-07-24 20:29:09', '2017-07-24 21:56:45', '1', '系统说明文\r\n\r\n件', '1');
INSERT INTO `product` VALUES ('339141982683136010', '030000000291', '4', 'SBMPXH0001', 'SBLZH000113', 'SBCCBH0003', '1c7e1de21f554a06a3', null, '339133333424308224', null, '339133595857715200', null, '2017-07-24 20:29:09', '2017-07-24 \r\n\r\n21:06:20', '1', '公安部监视大厅', '1');
INSERT INTO `product` VALUES ('339141982683136012', '010000000201', '1', null, null, null, '1c7e1de21f554a06a3', null, '339133333424308224', null, null, '339141982683136010', '2017-07-24 20:29:09', '2017-07-24 21:06:21', '1', '系统启动优\r\n\r\n盘', '1');
INSERT INTO `product` VALUES ('339141982683136014', '040000000099', '14', null, null, null, '1c7e1de21f554a06a3', null, '339133333424308224', null, null, '339141982683136010', '2017-07-24 20:29:09', '2017-07-24 21:06:20', '1', '驱动网\r\n\r\n卡', '1');
INSERT INTO `product` VALUES ('339141982683136016', '000000000043', '3', null, null, null, '1c7e1de21f554a06a3', null, '339133333424308224', null, null, '339141982683136010', '2017-07-24 20:29:09', '2017-07-24 21:06:21', '1', '系统说明文\r\n\r\n件', '1');
INSERT INTO `product` VALUES ('339142663448035328', '030000000283', '4', 'MPXH00001', 'MPXHLZH0001', 'TJMPCCH0002', '1c7e1de21f554a06a3', null, '339133333424308224', null, '339138506280402944', null, '2017-07-24 20:31:51', '2017-07-24 \r\n\r\n21:06:20', '1', '公安部备件库', '1');
INSERT INTO `product` VALUES ('339142663452229633', '010000000207', '1', null, null, null, '1c7e1de21f554a06a3', null, '339133333424308224', null, null, '339142663448035328', '2017-07-24 20:31:51', '2017-07-24 21:06:20', '1', '收拾收拾', '1');
INSERT INTO `product` VALUES ('339142663452229635', '040000000095', '14', null, null, null, '1c7e1de21f554a06a3', null, '339133333424308224', null, null, '339142663448035328', '2017-07-24 20:31:51', '2017-07-24 21:06:20', '1', '备件库网\r\n\r\n卡', '1');
INSERT INTO `product` VALUES ('339142663452229637', '000000000036', '3', null, null, null, '1c7e1de21f554a06a3', null, '339133333424308224', null, null, '339142663448035328', '2017-07-24 20:31:51', '2017-07-24 21:06:20', '1', '备件库文件\r\n\r\n', '1');
INSERT INTO `product` VALUES ('339142663452229639', '030000000290', '4', 'MPXH00001', 'MPXHLZH0002', 'TJMPCCH0003', '1c7e1de21f554a06a3', null, '339133333424308224', null, '339138506280402944', null, '2017-07-24 20:31:51', '2017-07-24 \r\n\r\n21:06:20', '1', '公安部备件库', '1');
INSERT INTO `product` VALUES ('339142663452229641', '010000000206', '1', null, null, null, '1c7e1de21f554a06a3', null, '339133333424308224', null, null, '339142663452229639', '2017-07-24 20:31:51', '2017-07-24 21:06:20', '1', '收拾收拾', '1');
INSERT INTO `product` VALUES ('339142663452229643', '040000000098', '14', null, null, null, '1c7e1de21f554a06a3', null, '339133333424308224', null, null, '339142663452229639', '2017-07-24 20:31:51', '2017-07-24 21:06:20', '1', '备件库网\r\n\r\n卡', '1');
INSERT INTO `product` VALUES ('339142663452229645', '000000000021', '3', null, null, null, '1c7e1de21f554a06a3', null, '339133333424308224', null, null, '339142663452229639', '2017-07-24 20:31:51', '2017-07-24 21:06:21', '1', '备件库文件\r\n\r\n', '1');
INSERT INTO `product` VALUES ('339142663452229647', '030000000288', '4', 'MPXH00001', 'MPXHLZH0003', 'TJMPCCH0004', '1c7e1de21f554a06a3', null, '339133333424308224', null, '339138506280402944', null, '2017-07-24 20:31:51', '2017-07-24 \r\n\r\n21:06:20', '1', '公安部备件库', '1');
INSERT INTO `product` VALUES ('339142663452229649', '010000000210', '1', null, null, null, '1c7e1de21f554a06a3', null, '339133333424308224', null, null, '339142663452229647', '2017-07-24 20:31:51', '2017-07-24 21:06:20', '1', '收拾收拾', '1');
INSERT INTO `product` VALUES ('339142663452229651', '040000000094', '14', null, null, null, '1c7e1de21f554a06a3', null, '339133333424308224', null, null, '339142663452229647', '2017-07-24 20:31:51', '2017-07-24 21:06:20', '1', '备件库网\r\n\r\n卡', '1');
INSERT INTO `product` VALUES ('339142663452229653', '000000000019', '3', null, null, null, '1c7e1de21f554a06a3', null, '339133333424308224', null, null, '339142663452229647', '2017-07-24 20:31:51', '2017-07-24 21:06:20', '1', '备件库文件\r\n\r\n', '1');
INSERT INTO `product` VALUES ('339144942536359936', '030000000066', '4', 'MPXXXZ001', 'MPXXLZH0001', 'CCBHCSZ1111', '1c7e1de21f554a06a3', null, '339133333424308224', null, '339138633753690112', null, '2017-07-24 20:40:55', '2017-07-24 \r\n\r\n21:04:42', '1', '说的是多少', '1');
INSERT INTO `product` VALUES ('339144942645411840', '040000000097', '14', null, null, null, '1c7e1de21f554a06a3', null, '339133333424308224', null, null, '339144942536359936', '2017-07-24 20:40:55', '2017-07-24 21:04:42', '1', '32', '1');
INSERT INTO `product` VALUES ('339144942901264384', '000000000060', '3', null, null, null, '1c7e1de21f554a06a3', null, '339133333424308224', null, null, '339144942536359936', '2017-07-24 20:40:55', '2017-07-24 21:04:42', '1', '232', '1');
INSERT INTO `product` VALUES ('339144943027093504', '030000000091', '4', null, null, null, '1c7e1de21f554a06a3', null, '339133480174616576', null, null, '339144942536359936', '2017-07-24 20:40:55', '2017-07-24 21:04:42', '1', '1212', '1');
INSERT INTO `product` VALUES ('339144943098396672', '030000000058', '4', 'MPXXXZ001', 'MPXXLZH0002', 'CCBHCSZ1112', '1c7e1de21f554a06a3', null, '339133333424308224', null, '339138633753690112', null, '2017-07-24 20:40:55', '2017-07-24 \r\n\r\n21:03:33', '1', '说的是多少', '1');
INSERT INTO `product` VALUES ('339144943241003008', '040000000092', '14', null, null, null, '1c7e1de21f554a06a3', null, '339133480174616576', null, null, '339144943098396672', '2017-07-24 20:40:55', '2017-07-24 21:04:42', '1', '32', '1');
INSERT INTO `product` VALUES ('339144943379415040', '000000003136', '3', null, null, null, '1c7e1de21f554a06a3', null, '339133333424308224', null, null, '339144943098396672', '2017-07-24 20:40:55', '2017-07-24 21:03:33', '1', '232', '1');
INSERT INTO `product` VALUES ('339144943446523904', '030000000087', '4', null, null, null, '1c7e1de21f554a06a3', null, '339133333424308224', null, null, '339144943098396672', '2017-07-24 20:40:55', '2017-07-24 21:03:33', '1', '1212', '1');
INSERT INTO `product` VALUES ('339162814436343808', '000000000024', '3', '2121', '22222222222', '1222121', '1c7e1de21f554a06a3', null, '339133333424308224', null, '339133595857715200', null, '2017-07-24 21:51:56', '2017-07-24 21:51:56', '1', '2222', '1');
INSERT INTO `product` VALUES ('339162814436343810', '000000000034', '3', null, null, null, null, null, '339133333424308224', null, null, '339162814436343808', '2017-07-24 21:51:56', '2017-07-24 21:51:56', '1', '', '1');

-- ----------------------------
-- Table structure for productincap
-- ----------------------------
DROP TABLE IF EXISTS `productincap`;
CREATE TABLE `productincap` (
  `id` varchar(64) NOT NULL,
  `sysEquipment_id` varchar(64) DEFAULT NULL COMMENT '监控设备id',
  `product_id` varchar(64) DEFAULT NULL COMMENT '密品id',
  PRIMARY KEY (`id`)
) ENGINE=InnoDB DEFAULT CHARSET=utf8 COMMENT='在柜信息（密品/载体柜实时关联信息）';

-- ----------------------------
-- Records of productincap
-- ----------------------------

-- ----------------------------
-- Table structure for productuserecord
-- ----------------------------
DROP TABLE IF EXISTS `productuserecord`;
CREATE TABLE `productuserecord` (
  `id` varchar(64) NOT NULL,
  `capUseRecord_id` varchar(64) NOT NULL COMMENT '开柜记录id',
  `product_id` varchar(64) NOT NULL COMMENT '密品id',
  `OutIn` varchar(64) NOT NULL COMMENT '操作类型，取用/放入，可由开发人员自定义编码',
  PRIMARY KEY (`id`)
) ENGINE=InnoDB DEFAULT CHARSET=utf8 COMMENT='取放记录';

-- ----------------------------
-- Records of productuserecord
-- ----------------------------
INSERT INTO `productuserecord` VALUES ('341532339911786496', '341532297360572416', '339141982678941696', '1');
INSERT INTO `productuserecord` VALUES ('341532340062781440', '341532297360572416', '339141982683136002', '2');
INSERT INTO `productuserecord` VALUES ('341532564332216320', '341532564227358720', '339141982678941696', '1');
INSERT INTO `productuserecord` VALUES ('341532564416102400', '341532564227358720', '339141982683136002', '2');
INSERT INTO `productuserecord` VALUES ('341532715159388160', '341532694515023872', '339141982678941696', '1');
INSERT INTO `productuserecord` VALUES ('341532753226891264', '341532694515023872', '339141982683136002', '2');
INSERT INTO `productuserecord` VALUES ('341533212817752064', '341533212696117248', '339141982678941696', '1');
INSERT INTO `productuserecord` VALUES ('341533213052633088', '341533212696117248', '339141982683136002', '2');
INSERT INTO `productuserecord` VALUES ('341533933659226112', '341533933508231168', '339141982678941696', '1');
INSERT INTO `productuserecord` VALUES ('341533933743112192', '341533933508231168', '339141982683136002', '2');
INSERT INTO `productuserecord` VALUES ('341534100676411392', '341534100487667712', '339141982678941696', '1');
INSERT INTO `productuserecord` VALUES ('341534100781268992', '341534100487667712', '339141982683136002', '2');
INSERT INTO `productuserecord` VALUES ('341534287981445120', '341534287293579264', '339141982678941696', '1');
INSERT INTO `productuserecord` VALUES ('341534288161800192', '341534287293579264', '339141982683136002', '2');
INSERT INTO `productuserecord` VALUES ('341534326791340032', '341534326455795712', '339141982678941696', '1');
INSERT INTO `productuserecord` VALUES ('341534326959112192', '341534326455795712', '339141982683136002', '2');
INSERT INTO `productuserecord` VALUES ('341536258226388992', '341536258012479488', '339141982678941696', '1');
INSERT INTO `productuserecord` VALUES ('341536258343829504', '341536258012479488', '339141982683136002', '2');
INSERT INTO `productuserecord` VALUES ('341536572845326336', '341536572690137088', '339141982678941696', '1');
INSERT INTO `productuserecord` VALUES ('341536572945989632', '341536572690137088', '339141982683136002', '2');
INSERT INTO `productuserecord` VALUES ('341536742496534528', '341536742337150976', '339141982678941696', '1');
INSERT INTO `productuserecord` VALUES ('341536742613975040', '341536742337150976', '339141982683136002', '2');
INSERT INTO `productuserecord` VALUES ('341537213068083200', '341537212959031296', '339141982678941696', '1');
INSERT INTO `productuserecord` VALUES ('341537213147774976', '341537212959031296', '339141982683136002', '2');
INSERT INTO `productuserecord` VALUES ('341537493427945472', '341537493125955584', '339141982678941696', '1');
INSERT INTO `productuserecord` VALUES ('341537493759295488', '341537493125955584', '339141982683136002', '2');
INSERT INTO `productuserecord` VALUES ('341537553335189504', '341537553205166080', '339141982678941696', '1');
INSERT INTO `productuserecord` VALUES ('341537553469407232', '341537553205166080', '339141982683136002', '2');
INSERT INTO `productuserecord` VALUES ('341537582309441536', '341537582175223808', '339141982678941696', '1');
INSERT INTO `productuserecord` VALUES ('341537582368161792', '341537582175223808', '339141982683136002', '2');
INSERT INTO `productuserecord` VALUES ('341537738962501632', '341537738832478208', '339141982678941696', '1');
INSERT INTO `productuserecord` VALUES ('341537739017027584', '341537738832478208', '339141982683136002', '2');
INSERT INTO `productuserecord` VALUES ('341537775335505920', '341537775230648320', '339141982678941696', '1');
INSERT INTO `productuserecord` VALUES ('341537775415197696', '341537775230648320', '339141982683136002', '2');
INSERT INTO `productuserecord` VALUES ('341537807346434048', '341537807228993536', '339141982678941696', '1');
INSERT INTO `productuserecord` VALUES ('341537807501623296', '341537807228993536', '339141982683136002', '2');
INSERT INTO `productuserecord` VALUES ('341537961138978816', '341537960811823104', '339141982678941696', '1');
INSERT INTO `productuserecord` VALUES ('341537961285779456', '341537960811823104', '339141982683136002', '2');
INSERT INTO `productuserecord` VALUES ('341538093611876352', '341538093502824448', '339141982678941696', '1');
INSERT INTO `productuserecord` VALUES ('341538093750288384', '341538093502824448', '339141982683136002', '2');
INSERT INTO `productuserecord` VALUES ('341538354770214912', '341538354594054144', '339141982678941696', '1');
INSERT INTO `productuserecord` VALUES ('341538354828935168', '341538354594054144', '339141982683136002', '2');
INSERT INTO `productuserecord` VALUES ('341538477009010688', '341538476858015744', '339141982678941696', '1');
INSERT INTO `productuserecord` VALUES ('341538477101285376', '341538476858015744', '339141982683136002', '2');
INSERT INTO `productuserecord` VALUES ('341538559758434304', '341538559649382400', '339141982678941696', '1');
INSERT INTO `productuserecord` VALUES ('341538559842320384', '341538559649382400', '339141982683136002', '2');
INSERT INTO `productuserecord` VALUES ('341539476167720960', '341539476020920320', '339141982678941696', '1');
INSERT INTO `productuserecord` VALUES ('341539476272578560', '341539476020920320', '339141982683136002', '2');
INSERT INTO `productuserecord` VALUES ('341539920453566464', '341539920277405696', '339141982678941696', '1');
INSERT INTO `productuserecord` VALUES ('341539920541646848', '341539920277405696', '339141982683136002', '2');
INSERT INTO `productuserecord` VALUES ('341541030157352960', '341541030002163712', '339141982678941696', '1');
INSERT INTO `productuserecord` VALUES ('341541030320930816', '341541030002163712', '339141982683136002', '2');
INSERT INTO `productuserecord` VALUES ('341541125275779072', '341541125158338560', '339141982678941696', '1');
INSERT INTO `productuserecord` VALUES ('341541125430968320', '341541125158338560', '339141982683136002', '2');
INSERT INTO `productuserecord` VALUES ('341541251377528832', '341541251226533888', '339141982678941696', '1');
INSERT INTO `productuserecord` VALUES ('341541251465609216', '341541251226533888', '339141982683136002', '2');
INSERT INTO `productuserecord` VALUES ('341541644220235776', '341541644069240832', '339141982678941696', '1');
INSERT INTO `productuserecord` VALUES ('341541644320899072', '341541644069240832', '339141982683136002', '2');
INSERT INTO `productuserecord` VALUES ('341541774302380032', '341541774168162304', '339141982678941696', '1');
INSERT INTO `productuserecord` VALUES ('341541774352711680', '341541774168162304', '339141982683136002', '2');
INSERT INTO `productuserecord` VALUES ('341541862466650112', '341541861627789312', '339141982678941696', '1');
INSERT INTO `productuserecord` VALUES ('341541862655393792', '341541861627789312', '339141982683136002', '2');
INSERT INTO `productuserecord` VALUES ('341542027277631488', '341542027135025152', '339141982678941696', '1');
INSERT INTO `productuserecord` VALUES ('341542027365711872', '341542027135025152', '339141982683136002', '2');
INSERT INTO `productuserecord` VALUES ('341542112682049536', '341542112556220416', '339141982678941696', '1');
INSERT INTO `productuserecord` VALUES ('341542112824655872', '341542112556220416', '339141982683136002', '2');
INSERT INTO `productuserecord` VALUES ('341542317678657536', '341542317456359424', '339141982678941696', '1');
INSERT INTO `productuserecord` VALUES ('341542317758349312', '341542317456359424', '339141982683136002', '2');
INSERT INTO `productuserecord` VALUES ('341542449702764544', '341542449518215168', '339141982678941696', '1');
INSERT INTO `productuserecord` VALUES ('341542449816010752', '341542449518215168', '339141982683136002', '2');
INSERT INTO `productuserecord` VALUES ('341542842277036032', '341542842071515136', '339141982678941696', '1');
INSERT INTO `productuserecord` VALUES ('341542842528694272', '341542842071515136', '339141982683136002', '2');
INSERT INTO `productuserecord` VALUES ('341543702277128192', '341543702088384512', '339141982678941696', '1');
INSERT INTO `productuserecord` VALUES ('341543702356819968', '341543702088384512', '339141982683136002', '2');
INSERT INTO `productuserecord` VALUES ('341544634071121920', '341544633932709888', '339141982678941696', '1');
INSERT INTO `productuserecord` VALUES ('341544634134036480', '341544633932709888', '339141982683136002', '2');
INSERT INTO `productuserecord` VALUES ('341617191696728064', '341617190836895744', '339142663448035328', '2');
INSERT INTO `productuserecord` VALUES ('341617191851917312', '341617190836895744', '339141982683136002', '2');
INSERT INTO `productuserecord` VALUES ('341617191910637568', '341617190836895744', '339141982678941696', '2');
INSERT INTO `productuserecord` VALUES ('341617191994523648', '341617190836895744', '339141982683136010', '2');
INSERT INTO `productuserecord` VALUES ('341617192892104704', '341617192749498368', '339142663448035328', '1');
INSERT INTO `productuserecord` VALUES ('341617193529638912', '341617193445752832', '339141982683136002', '1');
INSERT INTO `productuserecord` VALUES ('341617193588359168', '341617193445752832', '339141982678941696', '1');
INSERT INTO `productuserecord` VALUES ('341617193684828160', '341617193445752832', '339141982683136010', '1');
INSERT INTO `productuserecord` VALUES ('341617194368499712', '341617194272030720', '339142663452229639', '2');
INSERT INTO `productuserecord` VALUES ('341617194443997184', '341617194272030720', '339142663448035328', '2');
INSERT INTO `productuserecord` VALUES ('341617194544660480', '341617194272030720', '339141982683136002', '2');
INSERT INTO `productuserecord` VALUES ('341617194649518080', '341617194272030720', '339141982678941696', '2');
INSERT INTO `productuserecord` VALUES ('341617548497780736', '341617548350980096', '339142663452229639', '1');
INSERT INTO `productuserecord` VALUES ('341617548606832640', '341617548350980096', '339142663448035328', '1');
INSERT INTO `productuserecord` VALUES ('341617548665552896', '341617548350980096', '339141982683136002', '1');
INSERT INTO `productuserecord` VALUES ('341617548749438976', '341617548350980096', '339141982678941696', '1');
INSERT INTO `productuserecord` VALUES ('341617754404552704', '341617754261946368', '339141982683136010', '2');
INSERT INTO `productuserecord` VALUES ('341617754480050176', '341617754261946368', '339141982678941696', '2');
INSERT INTO `productuserecord` VALUES ('341617754576519168', '341617754261946368', '339142663448035328', '2');
INSERT INTO `productuserecord` VALUES ('341617754631045120', '341617754261946368', '339141982683136002', '2');
INSERT INTO `productuserecord` VALUES ('341618044256124928', '341618044134490112', '339141982683136010', '1');
INSERT INTO `productuserecord` VALUES ('341618044310650880', '341618044134490112', '339141982678941696', '1');
INSERT INTO `productuserecord` VALUES ('341618044394536960', '341618044134490112', '339142663448035328', '1');
INSERT INTO `productuserecord` VALUES ('341618044449062912', '341618044134490112', '339141982683136002', '1');
INSERT INTO `productuserecord` VALUES ('341618848622968832', '341618848513916928', '339142663448035328', '2');
INSERT INTO `productuserecord` VALUES ('341618848706854912', '341618848513916928', '339141982678941696', '2');
INSERT INTO `productuserecord` VALUES ('341618848807518208', '341618848513916928', '339141982683136002', '2');
INSERT INTO `productuserecord` VALUES ('341619002134495232', '341619002025443328', '339142663448035328', '1');
INSERT INTO `productuserecord` VALUES ('341619002209992704', '341619002025443328', '339141982678941696', '1');
INSERT INTO `productuserecord` VALUES ('341619002268712960', '341619002025443328', '339141982683136002', '1');
INSERT INTO `productuserecord` VALUES ('341619833885949952', '341619833709789184', '339142663452229639', '2');
INSERT INTO `productuserecord` VALUES ('341619833944670208', '341619833709789184', '339141982683136002', '2');
INSERT INTO `productuserecord` VALUES ('341619834024361984', '341619833709789184', '339141982683136010', '2');
INSERT INTO `productuserecord` VALUES ('341628911387410432', '341628911269969920', '339142663448035328', '2');
INSERT INTO `productuserecord` VALUES ('341628911475490816', '341628911269969920', '339141982678941696', '2');
INSERT INTO `productuserecord` VALUES ('341631878924599296', '341631878798770176', '339142663452229639', '1');
INSERT INTO `productuserecord` VALUES ('341631879016873984', '341631878798770176', '339141982683136002', '1');
INSERT INTO `productuserecord` VALUES ('341631879193034752', '341631878798770176', '339141982683136010', '1');
INSERT INTO `productuserecord` VALUES ('341631879365001216', '341631878798770176', '339142663448035328', '1');
INSERT INTO `productuserecord` VALUES ('341631879453081600', '341631878798770176', '339141982678941696', '1');
INSERT INTO `productuserecord` VALUES ('341632189332455424', '341632189147906048', '339142663448035328', '2');
INSERT INTO `productuserecord` VALUES ('341632189508616192', '341632189147906048', '339141982683136002', '2');
INSERT INTO `productuserecord` VALUES ('341632189680582656', '341632189147906048', '339141982683136010', '2');
INSERT INTO `productuserecord` VALUES ('341633952915652608', '341633952781434880', '339142663448035328', '1');
INSERT INTO `productuserecord` VALUES ('341633953003732992', '341633952781434880', '339141982683136002', '1');
INSERT INTO `productuserecord` VALUES ('341633953091813376', '341633952781434880', '339141982683136010', '1');
INSERT INTO `productuserecord` VALUES ('341638772619739136', '341638772502298624', '339141982683136002', '2');
INSERT INTO `productuserecord` VALUES ('341638772707819520', '341638772502298624', '339141982678941696', '2');
INSERT INTO `productuserecord` VALUES ('341638772804288512', '341638772502298624', '339141982683136010', '2');
INSERT INTO `productuserecord` VALUES ('341638772917534720', '341638772502298624', '339142663452229639', '2');
INSERT INTO `productuserecord` VALUES ('341639003038023680', '341639002685702144', '339141982683136002', '1');
INSERT INTO `productuserecord` VALUES ('341639003126104064', '341639002685702144', '339141982678941696', '1');
INSERT INTO `productuserecord` VALUES ('341639123775258624', '341639123523600384', '339141982683136002', '2');
INSERT INTO `productuserecord` VALUES ('341639123829784576', '341639123523600384', '339141982678941696', '2');
INSERT INTO `productuserecord` VALUES ('341639268654907392', '341639268503912448', '339141982683136010', '1');
INSERT INTO `productuserecord` VALUES ('341639268705239040', '341639268503912448', '339142663452229639', '1');
INSERT INTO `productuserecord` VALUES ('341639268793319424', '341639268503912448', '339141982683136002', '1');
INSERT INTO `productuserecord` VALUES ('341639268847845376', '341639268503912448', '339141982678941696', '1');
INSERT INTO `productuserecord` VALUES ('341639356223586304', '341639356080979968', '339141982683136002', '2');
INSERT INTO `productuserecord` VALUES ('341639529704194048', '341639529553199104', '339141982678941696', '2');
INSERT INTO `productuserecord` VALUES ('341639646339399680', '341639646200987648', '339141982678941696', '1');
INSERT INTO `productuserecord` VALUES ('341639646393925632', '341639646200987648', '339142663452229639', '2');
INSERT INTO `productuserecord` VALUES ('341639977358065664', '341639977244819456', '339141982683136002', '1');
INSERT INTO `productuserecord` VALUES ('341639977437757440', '341639977244819456', '339142663452229639', '1');
INSERT INTO `productuserecord` VALUES ('341640083574620160', '341640083440402432', '339141982678941696', '2');
INSERT INTO `productuserecord` VALUES ('341640083658506240', '341640083440402432', '339141982683136010', '2');
INSERT INTO `productuserecord` VALUES ('341640083708837888', '341640083440402432', '339141982683136002', '2');
INSERT INTO `productuserecord` VALUES ('341640083994050560', '341640083440402432', '339142663452229639', '2');
INSERT INTO `productuserecord` VALUES ('341640175018835968', '341640174884618240', '339141982678941696', '1');
INSERT INTO `productuserecord` VALUES ('341640175077556224', '341640174884618240', '339141982683136002', '1');
INSERT INTO `productuserecord` VALUES ('341640259202711552', '341640259089465344', '339141982683136002', '2');
INSERT INTO `productuserecord` VALUES ('341640259282403328', '341640259089465344', '339141982678941696', '2');
INSERT INTO `productuserecord` VALUES ('341640346200965120', '341640346096107520', '339141982683136010', '1');
INSERT INTO `productuserecord` VALUES ('341640435057295360', '341640434923077632', '339141982678941696', '1');
INSERT INTO `productuserecord` VALUES ('341640435116015616', '341640434923077632', '339141982683136010', '2');
INSERT INTO `productuserecord` VALUES ('341640584894611456', '341640584764588032', '339142663452229639', '1');
INSERT INTO `productuserecord` VALUES ('341640584953331712', '341640584764588032', '339141982683136002', '1');
INSERT INTO `productuserecord` VALUES ('341640585033023488', '341640584764588032', '339141982683136010', '1');
INSERT INTO `productuserecord` VALUES ('341640755703447552', '341640755565035520', '339141982683136002', '2');
INSERT INTO `productuserecord` VALUES ('341640755762167808', '341640755565035520', '339142663452229639', '2');
INSERT INTO `productuserecord` VALUES ('341648339248349184', '341648338313019392', '339142663452229639', '1');
INSERT INTO `productuserecord` VALUES ('341651638479486976', '341651638332686336', '339141982683136002', '1');
INSERT INTO `productuserecord` VALUES ('346369353257582592', '346369353135947776', '339144943379415040', '2');
INSERT INTO `productuserecord` VALUES ('346370512303161344', '346370512147972096', '339144943379415040', '1');
INSERT INTO `productuserecord` VALUES ('346370947650945024', '346370947474784256', '339144943379415040', '2');
INSERT INTO `productuserecord` VALUES ('346371271082115072', '346371270826262528', '339144943379415040', '1');

-- ----------------------------
-- Table structure for returnobject
-- ----------------------------
DROP TABLE IF EXISTS `returnobject`;
CREATE TABLE `returnobject` (
  `id` varchar(64) NOT NULL,
  `dictionary_id` varchar(64) DEFAULT NULL COMMENT '密品类型id',
  `application_id` varchar(64) DEFAULT NULL COMMENT '所属系统id',
  `department_id` varchar(64) NOT NULL COMMENT '所属部门id',
  `rec_department_id` varchar(64) NOT NULL COMMENT '接收部门id',
  `location_id` varchar(64) DEFAULT NULL COMMENT '位置id-0706',
  `result` varchar(64) DEFAULT NULL COMMENT '清退结果-未完成/已完成',
  `sysUser_id` varchar(64) NOT NULL COMMENT '创建人id',
  `create_time` varchar(64) NOT NULL COMMENT '创建时间',
  `update_time` varchar(64) DEFAULT NULL COMMENT '更新时间',
  `status` varchar(64) DEFAULT NULL COMMENT '状态',
  `ret_time` varchar(64) DEFAULT NULL COMMENT '完成时间',
  `checkInBill_id` varchar(64) DEFAULT NULL COMMENT '关联生成的清退入库单id—修改时间：20170704',
  `checkOutBill_id` varchar(64) DEFAULT NULL COMMENT '关联生成的清退出库单id—修改时间：20170704',
  `info` varchar(100) DEFAULT NULL,
  PRIMARY KEY (`id`)
) ENGINE=InnoDB DEFAULT CHARSET=utf8 COMMENT='清退计划';

-- ----------------------------
-- Records of returnobject
-- ----------------------------
INSERT INTO `returnobject` VALUES ('339164119246569472', '', '', 'a770b', 'f04c7', '', null, 'e2f3089254664f5f89', '2017-07-24 21:57:07', '2017-07-24 21:58:46', '1', null, '339166728812494848', '339166728950906880', '');
INSERT INTO `returnobject` VALUES ('339168361743122432', '', '', 'a770b', 'f04c7', '', null, 'e2f3089254664f5f89', '2017-07-24 22:13:58', '2017-07-24 22:13:58', '0', null, null, null, '');

-- ----------------------------
-- Table structure for returnobjectitem
-- ----------------------------
DROP TABLE IF EXISTS `returnobjectitem`;
CREATE TABLE `returnobjectitem` (
  `id` varchar(64) NOT NULL,
  `returnObject_id` varchar(64) NOT NULL COMMENT '清退计划id',
  `product_id` varchar(64) NOT NULL COMMENT '密品id',
  `result` varchar(64) DEFAULT NULL COMMENT '清退结果',
  `create_time` varchar(64) DEFAULT NULL,
  `update_time` varchar(64) DEFAULT NULL,
  `status` varchar(64) DEFAULT NULL,
  PRIMARY KEY (`id`)
) ENGINE=InnoDB DEFAULT CHARSET=utf8 COMMENT='清退计划明细';

-- ----------------------------
-- Records of returnobjectitem
-- ----------------------------
INSERT INTO `returnobjectitem` VALUES ('339164119254958082', '339164119246569472', '339142663448035328', null, '2017-07-24 21:57:07', '2017-07-24 21:57:07', '0');
INSERT INTO `returnobjectitem` VALUES ('339164119254958083', '339164119246569472', '339142663452229633', null, '2017-07-24 21:57:07', '2017-07-24 21:57:07', '0');
INSERT INTO `returnobjectitem` VALUES ('339164119254958084', '339164119246569472', '339142663452229637', null, '2017-07-24 21:57:07', '2017-07-24 21:57:07', '0');
INSERT INTO `returnobjectitem` VALUES ('339164119254958085', '339164119246569472', '339142663452229635', null, '2017-07-24 21:57:07', '2017-07-24 21:57:07', '0');
INSERT INTO `returnobjectitem` VALUES ('339164119254958086', '339164119246569472', '339142663452229639', null, '2017-07-24 21:57:07', '2017-07-24 21:57:07', '0');
INSERT INTO `returnobjectitem` VALUES ('339164119254958087', '339164119246569472', '339142663452229641', null, '2017-07-24 21:57:07', '2017-07-24 21:57:07', '0');
INSERT INTO `returnobjectitem` VALUES ('339164119254958088', '339164119246569472', '339142663452229645', null, '2017-07-24 21:57:07', '2017-07-24 21:57:07', '0');
INSERT INTO `returnobjectitem` VALUES ('339164119254958089', '339164119246569472', '339142663452229643', null, '2017-07-24 21:57:07', '2017-07-24 21:57:07', '0');
INSERT INTO `returnobjectitem` VALUES ('339164119254958090', '339164119246569472', '339142663452229647', null, '2017-07-24 21:57:07', '2017-07-24 21:57:07', '0');
INSERT INTO `returnobjectitem` VALUES ('339164119254958091', '339164119246569472', '339142663452229649', null, '2017-07-24 21:57:07', '2017-07-24 21:57:07', '0');
INSERT INTO `returnobjectitem` VALUES ('339164119254958092', '339164119246569472', '339142663452229653', null, '2017-07-24 21:57:07', '2017-07-24 21:57:07', '0');
INSERT INTO `returnobjectitem` VALUES ('339164119254958093', '339164119246569472', '339142663452229651', null, '2017-07-24 21:57:07', '2017-07-24 21:57:07', '0');
INSERT INTO `returnobjectitem` VALUES ('339164119254958094', '339164119246569472', '339144942536359936', null, '2017-07-24 21:57:07', '2017-07-24 21:57:07', '0');
INSERT INTO `returnobjectitem` VALUES ('339164119254958095', '339164119246569472', '339144942645411840', null, '2017-07-24 21:57:07', '2017-07-24 21:57:07', '0');
INSERT INTO `returnobjectitem` VALUES ('339164119254958096', '339164119246569472', '339144943027093504', null, '2017-07-24 21:57:07', '2017-07-24 21:57:07', '0');
INSERT INTO `returnobjectitem` VALUES ('339164119254958097', '339164119246569472', '339144942901264384', null, '2017-07-24 21:57:07', '2017-07-24 21:57:07', '0');
INSERT INTO `returnobjectitem` VALUES ('339164119254958098', '339164119246569472', '339144943098396672', null, '2017-07-24 21:57:07', '2017-07-24 21:57:07', '0');
INSERT INTO `returnobjectitem` VALUES ('339164119254958099', '339164119246569472', '339144943241003008', null, '2017-07-24 21:57:07', '2017-07-24 21:57:07', '0');
INSERT INTO `returnobjectitem` VALUES ('339164119254958100', '339164119246569472', '339144943446523904', null, '2017-07-24 21:57:07', '2017-07-24 21:57:07', '0');
INSERT INTO `returnobjectitem` VALUES ('339164119254958101', '339164119246569472', '339144943379415040', null, '2017-07-24 21:57:07', '2017-07-24 21:57:07', '0');
INSERT INTO `returnobjectitem` VALUES ('339168361797648384', '339168361743122432', '339162814436343808', null, '2017-07-24 22:13:58', '2017-07-24 22:13:58', '0');
INSERT INTO `returnobjectitem` VALUES ('339168361797648385', '339168361743122432', '339162814436343810', null, '2017-07-24 22:13:58', '2017-07-24 22:13:58', '0');
INSERT INTO `returnobjectitem` VALUES ('339168361797648386', '339168361743122432', '339141982683136010', null, '2017-07-24 22:13:58', '2017-07-24 22:13:58', '0');
INSERT INTO `returnobjectitem` VALUES ('339168361797648387', '339168361743122432', '339141982683136012', null, '2017-07-24 22:13:58', '2017-07-24 22:13:58', '0');
INSERT INTO `returnobjectitem` VALUES ('339168361797648388', '339168361743122432', '339141982683136016', null, '2017-07-24 22:13:58', '2017-07-24 22:13:58', '0');
INSERT INTO `returnobjectitem` VALUES ('339168361797648389', '339168361743122432', '339141982683136014', null, '2017-07-24 22:13:58', '2017-07-24 22:13:58', '0');

-- ----------------------------
-- Table structure for role
-- ----------------------------
DROP TABLE IF EXISTS `role`;
CREATE TABLE `role` (
  `id` varchar(64) NOT NULL,
  `role_code` varchar(64) DEFAULT NULL COMMENT '角色代码',
  `role_name` varchar(64) NOT NULL COMMENT '角色名称',
  `info` varchar(100) DEFAULT NULL COMMENT '备注',
  PRIMARY KEY (`id`)
) ENGINE=InnoDB DEFAULT CHARSET=utf8 COMMENT='角色';

-- ----------------------------
-- Records of role
-- ----------------------------
INSERT INTO `role` VALUES ('1', 'admin', '管理员', null);
INSERT INTO `role` VALUES ('2', 'system', '系统管理员', null);
INSERT INTO `role` VALUES ('3', 'password', '密码管理员', null);

-- ----------------------------
-- Table structure for sysequipment
-- ----------------------------
DROP TABLE IF EXISTS `sysequipment`;
CREATE TABLE `sysequipment` (
  `id` varchar(64) NOT NULL,
  `dictionaryID` varchar(64) NOT NULL COMMENT '设备类型id',
  `locationID` varchar(64) NOT NULL COMMENT '位置id',
  `IP` varchar(64) NOT NULL COMMENT 'IP',
  `paramTime` varchar(64) DEFAULT NULL COMMENT '参数',
  `paramFrequency` varchar(64) DEFAULT NULL COMMENT '参数2',
  `sysUserID` varchar(64) NOT NULL COMMENT '责任人id',
  `create_time` varchar(64) DEFAULT NULL COMMENT '创建时间',
  `update_time` varchar(64) DEFAULT NULL COMMENT '更新时间',
  `status` varchar(64) NOT NULL COMMENT '状态 0-注销，1-启用',
  `equipmentNo` varchar(64) DEFAULT NULL COMMENT '设备编号-添加0704',
  PRIMARY KEY (`id`)
) ENGINE=InnoDB DEFAULT CHARSET=utf8 COMMENT='监控设备';

-- ----------------------------
-- Records of sysequipment
-- ----------------------------
INSERT INTO `sysequipment` VALUES ('339138794953375744', '8', '339133333424308224', '192.168.1.128', '', null, '1c7e1de21f554a06a3', '2017-07-24 20:16:29', '2017-07-31 16:01:49', '1', '128');
INSERT INTO `sysequipment` VALUES ('339138909730504704', '12', '339133333424308224', '192.168.1.180', '', null, '1c7e1de21f554a06a3', '2017-07-24 20:16:56', '2017-07-24 21:49:26', '1', null);
INSERT INTO `sysequipment` VALUES ('339153012247232512', '8', '339133480174616576', '192.168.1.175', '', null, '1c7e1de21f554a06a3', '2017-07-24 21:12:59', '2017-07-31 11:09:52', '1', 'A001');

-- ----------------------------
-- Table structure for sysuser
-- ----------------------------
DROP TABLE IF EXISTS `sysuser`;
CREATE TABLE `sysuser` (
  `id` varchar(64) NOT NULL,
  `name` varchar(64) NOT NULL COMMENT '姓名',
  `user_name` varchar(64) NOT NULL COMMENT '用户名',
  `pass_word` varchar(64) NOT NULL COMMENT '密码',
  `department_id` varchar(64) DEFAULT NULL COMMENT '部门id',
  `info` varchar(100) DEFAULT NULL COMMENT '备注',
  `create_time` varchar(64) DEFAULT NULL,
  `update_time` varchar(64) DEFAULT NULL,
  `status` varchar(64) DEFAULT NULL,
  `user_code` varchar(64) DEFAULT NULL,
  PRIMARY KEY (`id`)
) ENGINE=InnoDB DEFAULT CHARSET=utf8 COMMENT='用户信息';

-- ----------------------------
-- Records of sysuser
-- ----------------------------
INSERT INTO `sysuser` VALUES ('1c7e1de21f554a06a3', 'cs', 'cs', 'csht70605123456', 'a770b', '', '2017-07-24 20:20:23', '2017-07-24 20:23:22', '1', '2002754f0453ql');
INSERT INTO `sysuser` VALUES ('1cb019c10bd7488aa2', 'ly', 'ly', 'lyht70605123456', '', '', '2017-07-31 16:21:59', '', '1', '2002723b0b87ly');
INSERT INTO `sysuser` VALUES ('8936a021dfee43bc8f', 'chechunli', 'chechunli', 'chechunliht70605123456789', '', '', '2017-07-24 20:20:23', '', '1', '2002754f0453213');
INSERT INTO `sysuser` VALUES ('9a9a22820d5641dfaf', 'ccl', 'ccl', 'cclht70605123456', 'a770b', '', '2017-07-31 16:21:58', '2017-07-31 16:22:28', '1', '2002723b0b87213');
INSERT INTO `sysuser` VALUES ('c143ed7c2b694af49c', 'hyx', 'hyx', 'c254f517bc6a0b9a2b7bc68dc6d4438', '', '', '2017-07-24 20:20:23', '', '1', '2002754f0453hyx');
INSERT INTO `sysuser` VALUES ('e2f3089254664f5f89', 'ff', 'ff', 'ffht70605123456', 'f04c7', '11', '2017-07-24 20:20:23', '2017-07-24 20:23:08', '1', '2002754f0453ff33');

-- ----------------------------
-- Table structure for userrole
-- ----------------------------
DROP TABLE IF EXISTS `userrole`;
CREATE TABLE `userrole` (
  `id` varchar(64) NOT NULL,
  `sysUser_id` varchar(64) NOT NULL COMMENT '用户id',
  `role_id` varchar(64) NOT NULL COMMENT '角色id',
  `create_time` varchar(64) DEFAULT NULL,
  `update_time` varchar(64) DEFAULT NULL,
  `status` varchar(64) DEFAULT NULL,
  PRIMARY KEY (`id`)
) ENGINE=InnoDB DEFAULT CHARSET=utf8 COMMENT='用户角色关联表';

-- ----------------------------
-- Records of userrole
-- ----------------------------
INSERT INTO `userrole` VALUES ('19a6b3d6c5074cc3a3', '19a6b3d6c5074cc3a3', '2', null, null, '1');
INSERT INTO `userrole` VALUES ('1c7e1de21f554a06a3', '1c7e1de21f554a06a3', '2', null, null, '1');
INSERT INTO `userrole` VALUES ('336651880253882368', '336651880253882368', '2', '2017-07-17 23:34:22', '2017-07-17 23:34:22', '1');
INSERT INTO `userrole` VALUES ('336852315866660864', '336852315866660864', '1', '2017-07-18 12:50:50', '2017-07-18 12:50:50', '1');
INSERT INTO `userrole` VALUES ('336853546165075968', '336853546165075968', '2', '2017-07-18 12:55:43', '2017-07-18 12:55:43', '1');
INSERT INTO `userrole` VALUES ('336853925099470848', '336853925099470848', '', '2017-07-18 12:57:14', '2017-07-18 12:57:14', '1');
INSERT INTO `userrole` VALUES ('336854091961466880', '336854091961466880', '1', '2017-07-18 12:57:53', '2017-07-18 12:57:53', '1');
INSERT INTO `userrole` VALUES ('336854959087681536', '336854959087681536', '1', '2017-07-18 13:01:51', '2017-07-18 13:01:51', '1');
INSERT INTO `userrole` VALUES ('336855283819085824', '336855283819085824', '2', '2017-07-18 13:02:56', '2017-07-18 13:02:56', '1');
INSERT INTO `userrole` VALUES ('336857581152632832', '336857581152632832', '', '2017-07-18 13:11:50', '2017-07-18 13:11:50', '1');
INSERT INTO `userrole` VALUES ('336858504771928064', '336858504771928064', '1', '2017-07-18 13:15:33', '2017-07-18 13:15:33', '1');
INSERT INTO `userrole` VALUES ('336860617023422464', '336860617023422464', '1', '2017-07-18 13:23:49', '2017-07-18 13:23:49', '1');
INSERT INTO `userrole` VALUES ('336870839976722432', '336870839976722432', '1', '2017-07-18 14:04:27', '2017-07-18 14:04:27', '1');
INSERT INTO `userrole` VALUES ('337241914078134272', '337241914078134272', '', '2017-07-19 14:38:57', '2017-07-19 14:38:57', '1');
INSERT INTO `userrole` VALUES ('337243594559586304', '337243594559586304', '2', '2017-07-19 14:45:38', '2017-07-19 14:45:38', '1');
INSERT INTO `userrole` VALUES ('337243804807462912', '337243804807462912', '2', '2017-07-19 14:46:28', '2017-07-19 14:46:28', '1');
INSERT INTO `userrole` VALUES ('337246768162930688', '337246768162930688', '', '2017-07-19 14:58:15', '2017-07-19 14:58:15', '1');
INSERT INTO `userrole` VALUES ('337247374374076416', '337247374374076416', '1', '2017-07-19 15:00:39', '2017-07-19 15:00:39', '1');
INSERT INTO `userrole` VALUES ('337251088828727296', '337251088828727296', '', '2017-07-19 15:15:25', '2017-07-19 15:15:25', '1');
INSERT INTO `userrole` VALUES ('339057784593055744', '339057784593055744', '2', '2017-07-24 14:54:35', '2017-07-24 14:54:35', '1');
INSERT INTO `userrole` VALUES ('339058044287582208', '339058044287582208', '1', '2017-07-24 14:55:37', '2017-07-24 14:55:37', '1');
INSERT INTO `userrole` VALUES ('339058220012142592', '339058220012142592', '2', '2017-07-24 14:56:19', '2017-07-24 14:56:19', '1');
INSERT INTO `userrole` VALUES ('339058393031376896', '339058393031376896', '1', '2017-07-24 14:57:00', '2017-07-24 14:57:00', '1');
INSERT INTO `userrole` VALUES ('339058595893084160', '339058595893084160', '', '2017-07-24 14:57:48', '2017-07-24 14:57:48', '1');
INSERT INTO `userrole` VALUES ('339062274004090880', '339062274004090880', '', '2017-07-24 15:12:25', '2017-07-24 15:12:25', '1');
INSERT INTO `userrole` VALUES ('41c08eb2457046009c', '41c08eb2457046009c', '1', null, null, '1');
INSERT INTO `userrole` VALUES ('45ed293cb82b4e37b8', '45ed293cb82b4e37b8', '', null, null, '1');
INSERT INTO `userrole` VALUES ('8c2f015672794162a4', '8c2f015672794162a4', '1', null, null, '1');
INSERT INTO `userrole` VALUES ('9a9a22820d5641dfaf', '9a9a22820d5641dfaf', '2', null, null, '1');
INSERT INTO `userrole` VALUES ('a2d659662fc544de82', 'a2d659662fc544de82', '1', null, null, '1');
INSERT INTO `userrole` VALUES ('ae02d3535db54ba3af', 'ae02d3535db54ba3af', '1', null, null, '1');
INSERT INTO `userrole` VALUES ('ce7239ff938c4915a4', 'ce7239ff938c4915a4', '2', null, null, '1');
INSERT INTO `userrole` VALUES ('e2f3089254664f5f89', 'e2f3089254664f5f89', '2', null, null, '1');
INSERT INTO `userrole` VALUES ('e7f66ccbc77240ce8d', 'e7f66ccbc77240ce8d', '', null, null, '1');
INSERT INTO `userrole` VALUES ('ff43df4e567d442eb6', 'ff43df4e567d442eb6', '', null, null, '1');

-- ----------------------------
-- View structure for diffproduct_view
-- ----------------------------
DROP VIEW IF EXISTS `diffproduct_view`;
CREATE ALGORITHM=UNDEFINED DEFINER=`root`@`localhost`  VIEW `diffproduct_view` AS select s.* from sonProduct_View s
      LEFT JOIN fatherProduct_View f ON s.product_id = f.id
			where s.sysUser_id is not null and s.sysUser_id != f.sysUser_id ;

-- ----------------------------
-- View structure for fatherproduct_view
-- ----------------------------
DROP VIEW IF EXISTS `fatherproduct_view`;
CREATE ALGORITHM=UNDEFINED DEFINER=`root`@`localhost`  VIEW `fatherproduct_view` AS select p.* from product p where p.product_id is null ;

-- ----------------------------
-- View structure for sonproduct_view
-- ----------------------------
DROP VIEW IF EXISTS `sonproduct_view`;
CREATE ALGORITHM=UNDEFINED DEFINER=`root`@`localhost`  VIEW `sonproduct_view` AS select p1.id,p1.create_time,p1.info,p1.level,p1.status,p1.storage,p1.update_time,p1.product_id,p1.dictionary_id,p1.location_id,
case when p1.sysUser_id is null then p2.sysUser_id else p1.sysUser_id end as sysUser_id,
				case when p1.rfid_code is null then p2.rfid_code else p1.rfid_code end as rfid_code,
				case when p1.model is null then p2.model else p1.model end as model,
				case when p1.pro_code is null then p2.pro_code else p1.pro_code end as pro_code,
				case when p1.ser_num is null then p2.ser_num else p1.ser_num end as ser_num,
case when p1.application_id is null then p2.application_id else p1.application_id end as application_id,

				dictionary.value as dictionaryValue, 
				location.locInfo as locationInfo,
				sysuser.name as userName,
				application.name as applicationName
				from 
        product as p1
        inner join product as p2 on p1.product_id=p2.id
        LEFT JOIN dictionary on p1.dictionary_id=dictionary.id
        LEFT JOIN location on p1.location_id=location.id
        LEFT JOIN sysuser on p1.sysUser_id=sysuser.id

        LEFT JOIN application on p1.application_id=application.id where p1.product_id is not null ;
